Copyright 1986-2022 Xilinx, Inc. All Rights Reserved.
---------------------------------------------------------------------------------------------------------------------------------------------------------------------------------------
| Tool Version : Vivado v.2022.1 (win64) Build 3526262 Mon Apr 18 15:48:16 MDT 2022
| Date         : Mon Sep 14 21:08:24 2026
| Command      : report_timing_summary -max_paths 10 -report_unconstrained -file {build/bd/cnn/timing_summary_routed.rpt}
| Design       : design_1_wrapper
| Device       : 7z020-clg400
| Speed File   : -1  PRODUCTION 1.12 2019-11-22
---------------------------------------------------------------------------------------------------------------------------------------------------------------------------------------

Timing Summary Report

------------------------------------------------------------------------------------------------
| Timer Settings
| --------------
------------------------------------------------------------------------------------------------

  Enable Multi Corner Analysis               :  Yes
  Enable Pessimism Removal                   :  Yes
  Pessimism Removal Resolution               :  Nearest Common Node
  Enable Input Delay Default Clock           :  No
  Enable Preset / Clear Arcs                 :  No
  Disable Flight Delays                      :  No
  Ignore I/O Paths                           :  No
  Timing Early Launch at Borrowing Latches   :  No
  Borrow Time for Max Delay Exceptions       :  Yes
  Merge Timing Exceptions                    :  Yes

  Corner  Analyze    Analyze    
  Name    Max Paths  Min Paths  
  ------  ---------  ---------  
  Slow    Yes        Yes        
  Fast    Yes        Yes        


------------------------------------------------------------------------------------------------
| Report Methodology
| ------------------
------------------------------------------------------------------------------------------------

No report available as report_methodology has not been run prior. Run report_methodology on the current design for the summary of methodology violations.



check_timing report

Table of Contents
-----------------
1. checking no_clock (0)
2. checking constant_clock (0)
3. checking pulse_width_clock (0)
4. checking unconstrained_internal_endpoints (0)
5. checking no_input_delay (1)
6. checking no_output_delay (0)
7. checking multiple_clock (0)
8. checking generated_clocks (0)
9. checking loops (0)
10. checking partial_input_delay (0)
11. checking partial_output_delay (0)
12. checking latch_loops (0)

1. checking no_clock (0)
------------------------
 There are 0 register/latch pins with no clock.


2. checking constant_clock (0)
------------------------------
 There are 0 register/latch pins with constant_clock.


3. checking pulse_width_clock (0)
---------------------------------
 There are 0 register/latch pins which need pulse_width check


4. checking unconstrained_internal_endpoints (0)
------------------------------------------------
 There are 0 pins that are not constrained for maximum delay.

 There are 0 pins that are not constrained for maximum delay due to constant clock.


5. checking no_input_delay (1)
------------------------------
 There is 1 input port with no input delay specified. (HIGH)

 There are 0 input ports with no input delay but user has a false path constraint.


6. checking no_output_delay (0)
-------------------------------
 There are 0 ports with no output delay specified.

 There are 0 ports with no output delay but user has a false path constraint

 There are 0 ports with no output delay but with a timing clock defined on it or propagating through it


7. checking multiple_clock (0)
------------------------------
 There are 0 register/latch pins with multiple clocks.


8. checking generated_clocks (0)
--------------------------------
 There are 0 generated clocks that are not connected to a clock source.


9. checking loops (0)
---------------------
 There are 0 combinational loops in the design.


10. checking partial_input_delay (0)
------------------------------------
 There are 0 input ports with partial input delay specified.


11. checking partial_output_delay (0)
-------------------------------------
 There are 0 ports with partial output delay specified.


12. checking latch_loops (0)
----------------------------
 There are 0 combinational latch loops in the design through latch input



------------------------------------------------------------------------------------------------
| Design Timing Summary
| ---------------------
------------------------------------------------------------------------------------------------

    WNS(ns)      TNS(ns)  TNS Failing Endpoints  TNS Total Endpoints      WHS(ns)      THS(ns)  THS Failing Endpoints  THS Total Endpoints     WPWS(ns)     TPWS(ns)  TPWS Failing Endpoints  TPWS Total Endpoints  
    -------      -------  ---------------------  -------------------      -------      -------  ---------------------  -------------------     --------     --------  ----------------------  --------------------  
      0.461        0.000                      0                76666        0.018        0.000                      0                76666        3.750        0.000                       0                 26834  


All user specified timing constraints are met.


------------------------------------------------------------------------------------------------
| Clock Summary
| -------------
------------------------------------------------------------------------------------------------

Clock       Waveform(ns)       Period(ns)      Frequency(MHz)
-----       ------------       ----------      --------------
clk_fpga_0  {0.000 5.000}      10.000          100.000         


------------------------------------------------------------------------------------------------
| Intra Clock Table
| -----------------
------------------------------------------------------------------------------------------------

Clock             WNS(ns)      TNS(ns)  TNS Failing Endpoints  TNS Total Endpoints      WHS(ns)      THS(ns)  THS Failing Endpoints  THS Total Endpoints     WPWS(ns)     TPWS(ns)  TPWS Failing Endpoints  TPWS Total Endpoints  
-----             -------      -------  ---------------------  -------------------      -------      -------  ---------------------  -------------------     --------     --------  ----------------------  --------------------  
clk_fpga_0          0.461        0.000                      0                67894        0.018        0.000                      0                67894        3.750        0.000                       0                 26834  


------------------------------------------------------------------------------------------------
| Inter Clock Table
| -----------------
------------------------------------------------------------------------------------------------

From Clock    To Clock          WNS(ns)      TNS(ns)  TNS Failing Endpoints  TNS Total Endpoints      WHS(ns)      THS(ns)  THS Failing Endpoints  THS Total Endpoints  
----------    --------          -------      -------  ---------------------  -------------------      -------      -------  ---------------------  -------------------  


------------------------------------------------------------------------------------------------
| Other Path Groups Table
| -----------------------
------------------------------------------------------------------------------------------------

Path Group         From Clock         To Clock               WNS(ns)      TNS(ns)  TNS Failing Endpoints  TNS Total Endpoints      WHS(ns)      THS(ns)  THS Failing Endpoints  THS Total Endpoints  
----------         ----------         --------               -------      -------  ---------------------  -------------------      -------      -------  ---------------------  -------------------  
**async_default**  clk_fpga_0         clk_fpga_0               1.733        0.000                      0                 8772        1.013        0.000                      0                 8772  


------------------------------------------------------------------------------------------------
| User Ignored Path Table
| -----------------------
------------------------------------------------------------------------------------------------

Path Group    From Clock    To Clock    
----------    ----------    --------    
(none)                      clk_fpga_0    
(none)        clk_fpga_0    clk_fpga_0    


------------------------------------------------------------------------------------------------
| Unconstrained Path Table
| ------------------------
------------------------------------------------------------------------------------------------

Path Group    From Clock    To Clock    
----------    ----------    --------    


------------------------------------------------------------------------------------------------
| Timing Details
| --------------
------------------------------------------------------------------------------------------------


---------------------------------------------------------------------------------------------------
From Clock:  clk_fpga_0
  To Clock:  clk_fpga_0

Setup :            0  Failing Endpoints,  Worst Slack        0.461ns,  Total Violation        0.000ns
Hold  :            0  Failing Endpoints,  Worst Slack        0.018ns,  Total Violation        0.000ns
PW    :            0  Failing Endpoints,  Worst Slack        3.750ns,  Total Violation        0.000ns
---------------------------------------------------------------------------------------------------


Max Delay Paths
--------------------------------------------------------------------------------------
Slack (MET) :             0.461ns  (required time - arrival time)
  Source:                 design_1_i/top_0/inst/u_cnn_fsm/gen_classifier[0].u_maxpool_fc_argmax/u_fc_layer/valid_dl_reg[3]/C
                            (rising edge-triggered cell FDCE clocked by clk_fpga_0  {rise@0.000ns fall@5.000ns period=10.000ns})
  Destination:            design_1_i/top_0/inst/u_cnn_fsm/gen_classifier[0].u_maxpool_fc_argmax/u_fc_layer/fc_out_7_reg[25]/D
                            (rising edge-triggered cell FDCE clocked by clk_fpga_0  {rise@0.000ns fall@5.000ns period=10.000ns})
  Path Group:             clk_fpga_0
  Path Type:              Setup (Max at Slow Process Corner)
  Requirement:            10.000ns  (clk_fpga_0 rise@10.000ns - clk_fpga_0 rise@0.000ns)
  Data Path Delay:        9.566ns  (logic 1.553ns (16.235%)  route 8.013ns (83.765%))
  Logic Levels:           4  (CARRY4=3 LUT3=1)
  Clock Path Skew:        0.072ns (DCD - SCD + CPR)
    Destination Clock Delay (DCD):    2.876ns = ( 12.876 - 10.000 ) 
    Source Clock Delay      (SCD):    2.933ns
    Clock Pessimism Removal (CPR):    0.129ns
  Clock Uncertainty:      0.154ns  ((TSJ^2 + TIJ^2)^1/2 + DJ) / 2 + PE
    Total System Jitter     (TSJ):    0.071ns
    Total Input Jitter      (TIJ):    0.300ns
    Discrete Jitter          (DJ):    0.000ns
    Phase Error              (PE):    0.000ns

    Location             Delay type                Incr(ns)  Path(ns)    Netlist Resource(s)
  -------------------------------------------------------------------    -------------------
                         (clock clk_fpga_0 rise edge)
                                                      0.000     0.000 r  
    PS7_X0Y0             PS7                          0.000     0.000 r  design_1_i/processing_system7_0/inst/PS7_i/FCLKCLK[0]
                         net (fo=1, routed)           1.193     1.193    design_1_i/processing_system7_0/inst/FCLK_CLK_unbuffered[0]
    BUFGCTRL_X0Y16       BUFG (Prop_bufg_I_O)         0.101     1.294 r  design_1_i/processing_system7_0/inst/buffer_fclk_clk_0.FCLK_CLK_0_BUFG/O
                         net (fo=26834, routed)       1.639     2.933    design_1_i/top_0/inst/u_cnn_fsm/gen_classifier[0].u_maxpool_fc_argmax/u_fc_layer/clk
    SLICE_X52Y95         FDCE                                         r  design_1_i/top_0/inst/u_cnn_fsm/gen_classifier[0].u_maxpool_fc_argmax/u_fc_layer/valid_dl_reg[3]/C
  -------------------------------------------------------------------    -------------------
    SLICE_X52Y95         FDCE (Prop_fdce_C_Q)         0.456     3.389 r  design_1_i/top_0/inst/u_cnn_fsm/gen_classifier[0].u_maxpool_fc_argmax/u_fc_layer/valid_dl_reg[3]/Q
                         net (fo=568, routed)         8.013    11.402    design_1_i/top_0/inst/u_cnn_fsm/gen_classifier[0].u_maxpool_fc_argmax/u_fc_layer/u_mult7/acc_valid
    SLICE_X30Y137        LUT3 (Prop_lut3_I2_O)        0.124    11.526 r  design_1_i/top_0/inst/u_cnn_fsm/gen_classifier[0].u_maxpool_fc_argmax/u_fc_layer/u_mult7/fc_out_7[16]_i_8/O
                         net (fo=1, routed)           0.000    11.526    design_1_i/top_0/inst/u_cnn_fsm/gen_classifier[0].u_maxpool_fc_argmax/u_fc_layer/u_mult7/fc_out_7[16]_i_8_n_0
    SLICE_X30Y137        CARRY4 (Prop_carry4_S[1]_CO[3])
                                                      0.533    12.059 r  design_1_i/top_0/inst/u_cnn_fsm/gen_classifier[0].u_maxpool_fc_argmax/u_fc_layer/u_mult7/fc_out_7_reg[16]_i_1/CO[3]
                         net (fo=1, routed)           0.000    12.059    design_1_i/top_0/inst/u_cnn_fsm/gen_classifier[0].u_maxpool_fc_argmax/u_fc_layer/u_mult7/fc_out_7_reg[16]_i_1_n_0
    SLICE_X30Y138        CARRY4 (Prop_carry4_CI_CO[3])
                                                      0.117    12.176 r  design_1_i/top_0/inst/u_cnn_fsm/gen_classifier[0].u_maxpool_fc_argmax/u_fc_layer/u_mult7/fc_out_7_reg[20]_i_1/CO[3]
                         net (fo=1, routed)           0.000    12.176    design_1_i/top_0/inst/u_cnn_fsm/gen_classifier[0].u_maxpool_fc_argmax/u_fc_layer/u_mult7/fc_out_7_reg[20]_i_1_n_0
    SLICE_X30Y139        CARRY4 (Prop_carry4_CI_O[1])
                                                      0.323    12.499 r  design_1_i/top_0/inst/u_cnn_fsm/gen_classifier[0].u_maxpool_fc_argmax/u_fc_layer/u_mult7/fc_out_7_reg[24]_i_1/O[1]
                         net (fo=1, routed)           0.000    12.499    design_1_i/top_0/inst/u_cnn_fsm/gen_classifier[0].u_maxpool_fc_argmax/u_fc_layer/u_mult7_n_26
    SLICE_X30Y139        FDCE                                         r  design_1_i/top_0/inst/u_cnn_fsm/gen_classifier[0].u_maxpool_fc_argmax/u_fc_layer/fc_out_7_reg[25]/D
  -------------------------------------------------------------------    -------------------

                         (clock clk_fpga_0 rise edge)
                                                     10.000    10.000 r  
    PS7_X0Y0             PS7                          0.000    10.000 r  design_1_i/processing_system7_0/inst/PS7_i/FCLKCLK[0]
                         net (fo=1, routed)           1.088    11.088    design_1_i/processing_system7_0/inst/FCLK_CLK_unbuffered[0]
    BUFGCTRL_X0Y16       BUFG (Prop_bufg_I_O)         0.091    11.179 r  design_1_i/processing_system7_0/inst/buffer_fclk_clk_0.FCLK_CLK_0_BUFG/O
                         net (fo=26834, routed)       1.697    12.876    design_1_i/top_0/inst/u_cnn_fsm/gen_classifier[0].u_maxpool_fc_argmax/u_fc_layer/clk
    SLICE_X30Y139        FDCE                                         r  design_1_i/top_0/inst/u_cnn_fsm/gen_classifier[0].u_maxpool_fc_argmax/u_fc_layer/fc_out_7_reg[25]/C
                         clock pessimism              0.129    13.005    
                         clock uncertainty           -0.154    12.851    
    SLICE_X30Y139        FDCE (Setup_fdce_C_D)        0.109    12.960    design_1_i/top_0/inst/u_cnn_fsm/gen_classifier[0].u_maxpool_fc_argmax/u_fc_layer/fc_out_7_reg[25]
  -------------------------------------------------------------------
                         required time                         12.960    
                         arrival time                         -12.499    
  -------------------------------------------------------------------
                         slack                                  0.461    

Slack (MET) :             0.469ns  (required time - arrival time)
  Source:                 design_1_i/top_0/inst/u_cnn_fsm/gen_classifier[1].u_maxpool_fc_argmax/u_fc_layer/valid_dl_reg[3]/C
                            (rising edge-triggered cell FDCE clocked by clk_fpga_0  {rise@0.000ns fall@5.000ns period=10.000ns})
  Destination:            design_1_i/top_0/inst/u_cnn_fsm/gen_classifier[1].u_maxpool_fc_argmax/u_fc_layer/pixel_count_reg[10]/CE
                            (rising edge-triggered cell FDCE clocked by clk_fpga_0  {rise@0.000ns fall@5.000ns period=10.000ns})
  Path Group:             clk_fpga_0
  Path Type:              Setup (Max at Slow Process Corner)
  Requirement:            10.000ns  (clk_fpga_0 rise@10.000ns - clk_fpga_0 rise@0.000ns)
  Data Path Delay:        9.259ns  (logic 0.456ns (4.925%)  route 8.803ns (95.075%))
  Logic Levels:           0  
  Clock Path Skew:        0.087ns (DCD - SCD + CPR)
    Destination Clock Delay (DCD):    2.891ns = ( 12.891 - 10.000 ) 
    Source Clock Delay      (SCD):    2.933ns
    Clock Pessimism Removal (CPR):    0.129ns
  Clock Uncertainty:      0.154ns  ((TSJ^2 + TIJ^2)^1/2 + DJ) / 2 + PE
    Total System Jitter     (TSJ):    0.071ns
    Total Input Jitter      (TIJ):    0.300ns
    Discrete Jitter          (DJ):    0.000ns
    Phase Error              (PE):    0.000ns

    Location             Delay type                Incr(ns)  Path(ns)    Netlist Resource(s)
  -------------------------------------------------------------------    -------------------
                         (clock clk_fpga_0 rise edge)
                                                      0.000     0.000 r  
    PS7_X0Y0             PS7                          0.000     0.000 r  design_1_i/processing_system7_0/inst/PS7_i/FCLKCLK[0]
                         net (fo=1, routed)           1.193     1.193    design_1_i/processing_system7_0/inst/FCLK_CLK_unbuffered[0]
    BUFGCTRL_X0Y16       BUFG (Prop_bufg_I_O)         0.101     1.294 r  design_1_i/processing_system7_0/inst/buffer_fclk_clk_0.FCLK_CLK_0_BUFG/O
                         net (fo=26834, routed)       1.639     2.933    design_1_i/top_0/inst/u_cnn_fsm/gen_classifier[1].u_maxpool_fc_argmax/u_fc_layer/clk
    SLICE_X52Y95         FDCE                                         r  design_1_i/top_0/inst/u_cnn_fsm/gen_classifier[1].u_maxpool_fc_argmax/u_fc_layer/valid_dl_reg[3]/C
  -------------------------------------------------------------------    -------------------
    SLICE_X52Y95         FDCE (Prop_fdce_C_Q)         0.456     3.389 r  design_1_i/top_0/inst/u_cnn_fsm/gen_classifier[1].u_maxpool_fc_argmax/u_fc_layer/valid_dl_reg[3]/Q
                         net (fo=568, routed)         8.803    12.192    design_1_i/top_0/inst/u_cnn_fsm/gen_classifier[1].u_maxpool_fc_argmax/u_fc_layer/acc_valid
    SLICE_X60Y140        FDCE                                         r  design_1_i/top_0/inst/u_cnn_fsm/gen_classifier[1].u_maxpool_fc_argmax/u_fc_layer/pixel_count_reg[10]/CE
  -------------------------------------------------------------------    -------------------

                         (clock clk_fpga_0 rise edge)
                                                     10.000    10.000 r  
    PS7_X0Y0             PS7                          0.000    10.000 r  design_1_i/processing_system7_0/inst/PS7_i/FCLKCLK[0]
                         net (fo=1, routed)           1.088    11.088    design_1_i/processing_system7_0/inst/FCLK_CLK_unbuffered[0]
    BUFGCTRL_X0Y16       BUFG (Prop_bufg_I_O)         0.091    11.179 r  design_1_i/processing_system7_0/inst/buffer_fclk_clk_0.FCLK_CLK_0_BUFG/O
                         net (fo=26834, routed)       1.712    12.891    design_1_i/top_0/inst/u_cnn_fsm/gen_classifier[1].u_maxpool_fc_argmax/u_fc_layer/clk
    SLICE_X60Y140        FDCE                                         r  design_1_i/top_0/inst/u_cnn_fsm/gen_classifier[1].u_maxpool_fc_argmax/u_fc_layer/pixel_count_reg[10]/C
                         clock pessimism              0.129    13.020    
                         clock uncertainty           -0.154    12.866    
    SLICE_X60Y140        FDCE (Setup_fdce_C_CE)      -0.205    12.661    design_1_i/top_0/inst/u_cnn_fsm/gen_classifier[1].u_maxpool_fc_argmax/u_fc_layer/pixel_count_reg[10]
  -------------------------------------------------------------------
                         required time                         12.661    
                         arrival time                         -12.192    
  -------------------------------------------------------------------
                         slack                                  0.469    

Slack (MET) :             0.469ns  (required time - arrival time)
  Source:                 design_1_i/top_0/inst/u_cnn_fsm/gen_classifier[1].u_maxpool_fc_argmax/u_fc_layer/valid_dl_reg[3]/C
                            (rising edge-triggered cell FDCE clocked by clk_fpga_0  {rise@0.000ns fall@5.000ns period=10.000ns})
  Destination:            design_1_i/top_0/inst/u_cnn_fsm/gen_classifier[1].u_maxpool_fc_argmax/u_fc_layer/pixel_count_reg[11]/CE
                            (rising edge-triggered cell FDCE clocked by clk_fpga_0  {rise@0.000ns fall@5.000ns period=10.000ns})
  Path Group:             clk_fpga_0
  Path Type:              Setup (Max at Slow Process Corner)
  Requirement:            10.000ns  (clk_fpga_0 rise@10.000ns - clk_fpga_0 rise@0.000ns)
  Data Path Delay:        9.259ns  (logic 0.456ns (4.925%)  route 8.803ns (95.075%))
  Logic Levels:           0  
  Clock Path Skew:        0.087ns (DCD - SCD + CPR)
    Destination Clock Delay (DCD):    2.891ns = ( 12.891 - 10.000 ) 
    Source Clock Delay      (SCD):    2.933ns
    Clock Pessimism Removal (CPR):    0.129ns
  Clock Uncertainty:      0.154ns  ((TSJ^2 + TIJ^2)^1/2 + DJ) / 2 + PE
    Total System Jitter     (TSJ):    0.071ns
    Total Input Jitter      (TIJ):    0.300ns
    Discrete Jitter          (DJ):    0.000ns
    Phase Error              (PE):    0.000ns

    Location             Delay type                Incr(ns)  Path(ns)    Netlist Resource(s)
  -------------------------------------------------------------------    -------------------
                         (clock clk_fpga_0 rise edge)
                                                      0.000     0.000 r  
    PS7_X0Y0             PS7                          0.000     0.000 r  design_1_i/processing_system7_0/inst/PS7_i/FCLKCLK[0]
                         net (fo=1, routed)           1.193     1.193    design_1_i/processing_system7_0/inst/FCLK_CLK_unbuffered[0]
    BUFGCTRL_X0Y16       BUFG (Prop_bufg_I_O)         0.101     1.294 r  design_1_i/processing_system7_0/inst/buffer_fclk_clk_0.FCLK_CLK_0_BUFG/O
                         net (fo=26834, routed)       1.639     2.933    design_1_i/top_0/inst/u_cnn_fsm/gen_classifier[1].u_maxpool_fc_argmax/u_fc_layer/clk
    SLICE_X52Y95         FDCE                                         r  design_1_i/top_0/inst/u_cnn_fsm/gen_classifier[1].u_maxpool_fc_argmax/u_fc_layer/valid_dl_reg[3]/C
  -------------------------------------------------------------------    -------------------
    SLICE_X52Y95         FDCE (Prop_fdce_C_Q)         0.456     3.389 r  design_1_i/top_0/inst/u_cnn_fsm/gen_classifier[1].u_maxpool_fc_argmax/u_fc_layer/valid_dl_reg[3]/Q
                         net (fo=568, routed)         8.803    12.192    design_1_i/top_0/inst/u_cnn_fsm/gen_classifier[1].u_maxpool_fc_argmax/u_fc_layer/acc_valid
    SLICE_X60Y140        FDCE                                         r  design_1_i/top_0/inst/u_cnn_fsm/gen_classifier[1].u_maxpool_fc_argmax/u_fc_layer/pixel_count_reg[11]/CE
  -------------------------------------------------------------------    -------------------

                         (clock clk_fpga_0 rise edge)
                                                     10.000    10.000 r  
    PS7_X0Y0             PS7                          0.000    10.000 r  design_1_i/processing_system7_0/inst/PS7_i/FCLKCLK[0]
                         net (fo=1, routed)           1.088    11.088    design_1_i/processing_system7_0/inst/FCLK_CLK_unbuffered[0]
    BUFGCTRL_X0Y16       BUFG (Prop_bufg_I_O)         0.091    11.179 r  design_1_i/processing_system7_0/inst/buffer_fclk_clk_0.FCLK_CLK_0_BUFG/O
                         net (fo=26834, routed)       1.712    12.891    design_1_i/top_0/inst/u_cnn_fsm/gen_classifier[1].u_maxpool_fc_argmax/u_fc_layer/clk
    SLICE_X60Y140        FDCE                                         r  design_1_i/top_0/inst/u_cnn_fsm/gen_classifier[1].u_maxpool_fc_argmax/u_fc_layer/pixel_count_reg[11]/C
                         clock pessimism              0.129    13.020    
                         clock uncertainty           -0.154    12.866    
    SLICE_X60Y140        FDCE (Setup_fdce_C_CE)      -0.205    12.661    design_1_i/top_0/inst/u_cnn_fsm/gen_classifier[1].u_maxpool_fc_argmax/u_fc_layer/pixel_count_reg[11]
  -------------------------------------------------------------------
                         required time                         12.661    
                         arrival time                         -12.192    
  -------------------------------------------------------------------
                         slack                                  0.469    

Slack (MET) :             0.469ns  (required time - arrival time)
  Source:                 design_1_i/top_0/inst/u_cnn_fsm/gen_classifier[1].u_maxpool_fc_argmax/u_fc_layer/valid_dl_reg[3]/C
                            (rising edge-triggered cell FDCE clocked by clk_fpga_0  {rise@0.000ns fall@5.000ns period=10.000ns})
  Destination:            design_1_i/top_0/inst/u_cnn_fsm/gen_classifier[1].u_maxpool_fc_argmax/u_fc_layer/pixel_count_reg[12]/CE
                            (rising edge-triggered cell FDCE clocked by clk_fpga_0  {rise@0.000ns fall@5.000ns period=10.000ns})
  Path Group:             clk_fpga_0
  Path Type:              Setup (Max at Slow Process Corner)
  Requirement:            10.000ns  (clk_fpga_0 rise@10.000ns - clk_fpga_0 rise@0.000ns)
  Data Path Delay:        9.259ns  (logic 0.456ns (4.925%)  route 8.803ns (95.075%))
  Logic Levels:           0  
  Clock Path Skew:        0.087ns (DCD - SCD + CPR)
    Destination Clock Delay (DCD):    2.891ns = ( 12.891 - 10.000 ) 
    Source Clock Delay      (SCD):    2.933ns
    Clock Pessimism Removal (CPR):    0.129ns
  Clock Uncertainty:      0.154ns  ((TSJ^2 + TIJ^2)^1/2 + DJ) / 2 + PE
    Total System Jitter     (TSJ):    0.071ns
    Total Input Jitter      (TIJ):    0.300ns
    Discrete Jitter          (DJ):    0.000ns
    Phase Error              (PE):    0.000ns

    Location             Delay type                Incr(ns)  Path(ns)    Netlist Resource(s)
  -------------------------------------------------------------------    -------------------
                         (clock clk_fpga_0 rise edge)
                                                      0.000     0.000 r  
    PS7_X0Y0             PS7                          0.000     0.000 r  design_1_i/processing_system7_0/inst/PS7_i/FCLKCLK[0]
                         net (fo=1, routed)           1.193     1.193    design_1_i/processing_system7_0/inst/FCLK_CLK_unbuffered[0]
    BUFGCTRL_X0Y16       BUFG (Prop_bufg_I_O)         0.101     1.294 r  design_1_i/processing_system7_0/inst/buffer_fclk_clk_0.FCLK_CLK_0_BUFG/O
                         net (fo=26834, routed)       1.639     2.933    design_1_i/top_0/inst/u_cnn_fsm/gen_classifier[1].u_maxpool_fc_argmax/u_fc_layer/clk
    SLICE_X52Y95         FDCE                                         r  design_1_i/top_0/inst/u_cnn_fsm/gen_classifier[1].u_maxpool_fc_argmax/u_fc_layer/valid_dl_reg[3]/C
  -------------------------------------------------------------------    -------------------
    SLICE_X52Y95         FDCE (Prop_fdce_C_Q)         0.456     3.389 r  design_1_i/top_0/inst/u_cnn_fsm/gen_classifier[1].u_maxpool_fc_argmax/u_fc_layer/valid_dl_reg[3]/Q
                         net (fo=568, routed)         8.803    12.192    design_1_i/top_0/inst/u_cnn_fsm/gen_classifier[1].u_maxpool_fc_argmax/u_fc_layer/acc_valid
    SLICE_X60Y140        FDCE                                         r  design_1_i/top_0/inst/u_cnn_fsm/gen_classifier[1].u_maxpool_fc_argmax/u_fc_layer/pixel_count_reg[12]/CE
  -------------------------------------------------------------------    -------------------

                         (clock clk_fpga_0 rise edge)
                                                     10.000    10.000 r  
    PS7_X0Y0             PS7                          0.000    10.000 r  design_1_i/processing_system7_0/inst/PS7_i/FCLKCLK[0]
                         net (fo=1, routed)           1.088    11.088    design_1_i/processing_system7_0/inst/FCLK_CLK_unbuffered[0]
    BUFGCTRL_X0Y16       BUFG (Prop_bufg_I_O)         0.091    11.179 r  design_1_i/processing_system7_0/inst/buffer_fclk_clk_0.FCLK_CLK_0_BUFG/O
                         net (fo=26834, routed)       1.712    12.891    design_1_i/top_0/inst/u_cnn_fsm/gen_classifier[1].u_maxpool_fc_argmax/u_fc_layer/clk
    SLICE_X60Y140        FDCE                                         r  design_1_i/top_0/inst/u_cnn_fsm/gen_classifier[1].u_maxpool_fc_argmax/u_fc_layer/pixel_count_reg[12]/C
                         clock pessimism              0.129    13.020    
                         clock uncertainty           -0.154    12.866    
    SLICE_X60Y140        FDCE (Setup_fdce_C_CE)      -0.205    12.661    design_1_i/top_0/inst/u_cnn_fsm/gen_classifier[1].u_maxpool_fc_argmax/u_fc_layer/pixel_count_reg[12]
  -------------------------------------------------------------------
                         required time                         12.661    
                         arrival time                         -12.192    
  -------------------------------------------------------------------
                         slack                                  0.469    

Slack (MET) :             0.469ns  (required time - arrival time)
  Source:                 design_1_i/top_0/inst/u_cnn_fsm/gen_classifier[1].u_maxpool_fc_argmax/u_fc_layer/valid_dl_reg[3]/C
                            (rising edge-triggered cell FDCE clocked by clk_fpga_0  {rise@0.000ns fall@5.000ns period=10.000ns})
  Destination:            design_1_i/top_0/inst/u_cnn_fsm/gen_classifier[1].u_maxpool_fc_argmax/u_fc_layer/pixel_count_reg[9]/CE
                            (rising edge-triggered cell FDCE clocked by clk_fpga_0  {rise@0.000ns fall@5.000ns period=10.000ns})
  Path Group:             clk_fpga_0
  Path Type:              Setup (Max at Slow Process Corner)
  Requirement:            10.000ns  (clk_fpga_0 rise@10.000ns - clk_fpga_0 rise@0.000ns)
  Data Path Delay:        9.259ns  (logic 0.456ns (4.925%)  route 8.803ns (95.075%))
  Logic Levels:           0  
  Clock Path Skew:        0.087ns (DCD - SCD + CPR)
    Destination Clock Delay (DCD):    2.891ns = ( 12.891 - 10.000 ) 
    Source Clock Delay      (SCD):    2.933ns
    Clock Pessimism Removal (CPR):    0.129ns
  Clock Uncertainty:      0.154ns  ((TSJ^2 + TIJ^2)^1/2 + DJ) / 2 + PE
    Total System Jitter     (TSJ):    0.071ns
    Total Input Jitter      (TIJ):    0.300ns
    Discrete Jitter          (DJ):    0.000ns
    Phase Error              (PE):    0.000ns

    Location             Delay type                Incr(ns)  Path(ns)    Netlist Resource(s)
  -------------------------------------------------------------------    -------------------
                         (clock clk_fpga_0 rise edge)
                                                      0.000     0.000 r  
    PS7_X0Y0             PS7                          0.000     0.000 r  design_1_i/processing_system7_0/inst/PS7_i/FCLKCLK[0]
                         net (fo=1, routed)           1.193     1.193    design_1_i/processing_system7_0/inst/FCLK_CLK_unbuffered[0]
    BUFGCTRL_X0Y16       BUFG (Prop_bufg_I_O)         0.101     1.294 r  design_1_i/processing_system7_0/inst/buffer_fclk_clk_0.FCLK_CLK_0_BUFG/O
                         net (fo=26834, routed)       1.639     2.933    design_1_i/top_0/inst/u_cnn_fsm/gen_classifier[1].u_maxpool_fc_argmax/u_fc_layer/clk
    SLICE_X52Y95         FDCE                                         r  design_1_i/top_0/inst/u_cnn_fsm/gen_classifier[1].u_maxpool_fc_argmax/u_fc_layer/valid_dl_reg[3]/C
  -------------------------------------------------------------------    -------------------
    SLICE_X52Y95         FDCE (Prop_fdce_C_Q)         0.456     3.389 r  design_1_i/top_0/inst/u_cnn_fsm/gen_classifier[1].u_maxpool_fc_argmax/u_fc_layer/valid_dl_reg[3]/Q
                         net (fo=568, routed)         8.803    12.192    design_1_i/top_0/inst/u_cnn_fsm/gen_classifier[1].u_maxpool_fc_argmax/u_fc_layer/acc_valid
    SLICE_X60Y140        FDCE                                         r  design_1_i/top_0/inst/u_cnn_fsm/gen_classifier[1].u_maxpool_fc_argmax/u_fc_layer/pixel_count_reg[9]/CE
  -------------------------------------------------------------------    -------------------

                         (clock clk_fpga_0 rise edge)
                                                     10.000    10.000 r  
    PS7_X0Y0             PS7                          0.000    10.000 r  design_1_i/processing_system7_0/inst/PS7_i/FCLKCLK[0]
                         net (fo=1, routed)           1.088    11.088    design_1_i/processing_system7_0/inst/FCLK_CLK_unbuffered[0]
    BUFGCTRL_X0Y16       BUFG (Prop_bufg_I_O)         0.091    11.179 r  design_1_i/processing_system7_0/inst/buffer_fclk_clk_0.FCLK_CLK_0_BUFG/O
                         net (fo=26834, routed)       1.712    12.891    design_1_i/top_0/inst/u_cnn_fsm/gen_classifier[1].u_maxpool_fc_argmax/u_fc_layer/clk
    SLICE_X60Y140        FDCE                                         r  design_1_i/top_0/inst/u_cnn_fsm/gen_classifier[1].u_maxpool_fc_argmax/u_fc_layer/pixel_count_reg[9]/C
                         clock pessimism              0.129    13.020    
                         clock uncertainty           -0.154    12.866    
    SLICE_X60Y140        FDCE (Setup_fdce_C_CE)      -0.205    12.661    design_1_i/top_0/inst/u_cnn_fsm/gen_classifier[1].u_maxpool_fc_argmax/u_fc_layer/pixel_count_reg[9]
  -------------------------------------------------------------------
                         required time                         12.661    
                         arrival time                         -12.192    
  -------------------------------------------------------------------
                         slack                                  0.469    

Slack (MET) :             0.469ns  (required time - arrival time)
  Source:                 design_1_i/top_0/inst/u_cnn_fsm/gen_classifier[0].u_maxpool_fc_argmax/u_fc_layer/valid_dl_reg[3]/C
                            (rising edge-triggered cell FDCE clocked by clk_fpga_0  {rise@0.000ns fall@5.000ns period=10.000ns})
  Destination:            design_1_i/top_0/inst/u_cnn_fsm/gen_classifier[0].u_maxpool_fc_argmax/u_fc_layer/fc_out_7_reg[27]/D
                            (rising edge-triggered cell FDCE clocked by clk_fpga_0  {rise@0.000ns fall@5.000ns period=10.000ns})
  Path Group:             clk_fpga_0
  Path Type:              Setup (Max at Slow Process Corner)
  Requirement:            10.000ns  (clk_fpga_0 rise@10.000ns - clk_fpga_0 rise@0.000ns)
  Data Path Delay:        9.558ns  (logic 1.545ns (16.165%)  route 8.013ns (83.835%))
  Logic Levels:           4  (CARRY4=3 LUT3=1)
  Clock Path Skew:        0.072ns (DCD - SCD + CPR)
    Destination Clock Delay (DCD):    2.876ns = ( 12.876 - 10.000 ) 
    Source Clock Delay      (SCD):    2.933ns
    Clock Pessimism Removal (CPR):    0.129ns
  Clock Uncertainty:      0.154ns  ((TSJ^2 + TIJ^2)^1/2 + DJ) / 2 + PE
    Total System Jitter     (TSJ):    0.071ns
    Total Input Jitter      (TIJ):    0.300ns
    Discrete Jitter          (DJ):    0.000ns
    Phase Error              (PE):    0.000ns

    Location             Delay type                Incr(ns)  Path(ns)    Netlist Resource(s)
  -------------------------------------------------------------------    -------------------
                         (clock clk_fpga_0 rise edge)
                                                      0.000     0.000 r  
    PS7_X0Y0             PS7                          0.000     0.000 r  design_1_i/processing_system7_0/inst/PS7_i/FCLKCLK[0]
                         net (fo=1, routed)           1.193     1.193    design_1_i/processing_system7_0/inst/FCLK_CLK_unbuffered[0]
    BUFGCTRL_X0Y16       BUFG (Prop_bufg_I_O)         0.101     1.294 r  design_1_i/processing_system7_0/inst/buffer_fclk_clk_0.FCLK_CLK_0_BUFG/O
                         net (fo=26834, routed)       1.639     2.933    design_1_i/top_0/inst/u_cnn_fsm/gen_classifier[0].u_maxpool_fc_argmax/u_fc_layer/clk
    SLICE_X52Y95         FDCE                                         r  design_1_i/top_0/inst/u_cnn_fsm/gen_classifier[0].u_maxpool_fc_argmax/u_fc_layer/valid_dl_reg[3]/C
  -------------------------------------------------------------------    -------------------
    SLICE_X52Y95         FDCE (Prop_fdce_C_Q)         0.456     3.389 r  design_1_i/top_0/inst/u_cnn_fsm/gen_classifier[0].u_maxpool_fc_argmax/u_fc_layer/valid_dl_reg[3]/Q
                         net (fo=568, routed)         8.013    11.402    design_1_i/top_0/inst/u_cnn_fsm/gen_classifier[0].u_maxpool_fc_argmax/u_fc_layer/u_mult7/acc_valid
    SLICE_X30Y137        LUT3 (Prop_lut3_I2_O)        0.124    11.526 r  design_1_i/top_0/inst/u_cnn_fsm/gen_classifier[0].u_maxpool_fc_argmax/u_fc_layer/u_mult7/fc_out_7[16]_i_8/O
                         net (fo=1, routed)           0.000    11.526    design_1_i/top_0/inst/u_cnn_fsm/gen_classifier[0].u_maxpool_fc_argmax/u_fc_layer/u_mult7/fc_out_7[16]_i_8_n_0
    SLICE_X30Y137        CARRY4 (Prop_carry4_S[1]_CO[3])
                                                      0.533    12.059 r  design_1_i/top_0/inst/u_cnn_fsm/gen_classifier[0].u_maxpool_fc_argmax/u_fc_layer/u_mult7/fc_out_7_reg[16]_i_1/CO[3]
                         net (fo=1, routed)           0.000    12.059    design_1_i/top_0/inst/u_cnn_fsm/gen_classifier[0].u_maxpool_fc_argmax/u_fc_layer/u_mult7/fc_out_7_reg[16]_i_1_n_0
    SLICE_X30Y138        CARRY4 (Prop_carry4_CI_CO[3])
                                                      0.117    12.176 r  design_1_i/top_0/inst/u_cnn_fsm/gen_classifier[0].u_maxpool_fc_argmax/u_fc_layer/u_mult7/fc_out_7_reg[20]_i_1/CO[3]
                         net (fo=1, routed)           0.000    12.176    design_1_i/top_0/inst/u_cnn_fsm/gen_classifier[0].u_maxpool_fc_argmax/u_fc_layer/u_mult7/fc_out_7_reg[20]_i_1_n_0
    SLICE_X30Y139        CARRY4 (Prop_carry4_CI_O[3])
                                                      0.315    12.491 r  design_1_i/top_0/inst/u_cnn_fsm/gen_classifier[0].u_maxpool_fc_argmax/u_fc_layer/u_mult7/fc_out_7_reg[24]_i_1/O[3]
                         net (fo=1, routed)           0.000    12.491    design_1_i/top_0/inst/u_cnn_fsm/gen_classifier[0].u_maxpool_fc_argmax/u_fc_layer/u_mult7_n_24
    SLICE_X30Y139        FDCE                                         r  design_1_i/top_0/inst/u_cnn_fsm/gen_classifier[0].u_maxpool_fc_argmax/u_fc_layer/fc_out_7_reg[27]/D
  -------------------------------------------------------------------    -------------------

                         (clock clk_fpga_0 rise edge)
                                                     10.000    10.000 r  
    PS7_X0Y0             PS7                          0.000    10.000 r  design_1_i/processing_system7_0/inst/PS7_i/FCLKCLK[0]
                         net (fo=1, routed)           1.088    11.088    design_1_i/processing_system7_0/inst/FCLK_CLK_unbuffered[0]
    BUFGCTRL_X0Y16       BUFG (Prop_bufg_I_O)         0.091    11.179 r  design_1_i/processing_system7_0/inst/buffer_fclk_clk_0.FCLK_CLK_0_BUFG/O
                         net (fo=26834, routed)       1.697    12.876    design_1_i/top_0/inst/u_cnn_fsm/gen_classifier[0].u_maxpool_fc_argmax/u_fc_layer/clk
    SLICE_X30Y139        FDCE                                         r  design_1_i/top_0/inst/u_cnn_fsm/gen_classifier[0].u_maxpool_fc_argmax/u_fc_layer/fc_out_7_reg[27]/C
                         clock pessimism              0.129    13.005    
                         clock uncertainty           -0.154    12.851    
    SLICE_X30Y139        FDCE (Setup_fdce_C_D)        0.109    12.960    design_1_i/top_0/inst/u_cnn_fsm/gen_classifier[0].u_maxpool_fc_argmax/u_fc_layer/fc_out_7_reg[27]
  -------------------------------------------------------------------
                         required time                         12.960    
                         arrival time                         -12.491    
  -------------------------------------------------------------------
                         slack                                  0.469    

Slack (MET) :             0.474ns  (required time - arrival time)
  Source:                 design_1_i/top_0/inst/u_cnn_fsm/gen_classifier[0].u_maxpool_fc_argmax/u_fc_layer/valid_dl_reg[3]/C
                            (rising edge-triggered cell FDCE clocked by clk_fpga_0  {rise@0.000ns fall@5.000ns period=10.000ns})
  Destination:            design_1_i/top_0/inst/u_cnn_fsm/gen_classifier[0].u_maxpool_fc_argmax/u_fc_layer/fc_out_5_reg[25]/D
                            (rising edge-triggered cell FDCE clocked by clk_fpga_0  {rise@0.000ns fall@5.000ns period=10.000ns})
  Path Group:             clk_fpga_0
  Path Type:              Setup (Max at Slow Process Corner)
  Requirement:            10.000ns  (clk_fpga_0 rise@10.000ns - clk_fpga_0 rise@0.000ns)
  Data Path Delay:        9.460ns  (logic 1.560ns (16.490%)  route 7.900ns (83.510%))
  Logic Levels:           4  (CARRY4=3 LUT3=1)
  Clock Path Skew:        0.026ns (DCD - SCD + CPR)
    Destination Clock Delay (DCD):    2.830ns = ( 12.830 - 10.000 ) 
    Source Clock Delay      (SCD):    2.933ns
    Clock Pessimism Removal (CPR):    0.129ns
  Clock Uncertainty:      0.154ns  ((TSJ^2 + TIJ^2)^1/2 + DJ) / 2 + PE
    Total System Jitter     (TSJ):    0.071ns
    Total Input Jitter      (TIJ):    0.300ns
    Discrete Jitter          (DJ):    0.000ns
    Phase Error              (PE):    0.000ns

    Location             Delay type                Incr(ns)  Path(ns)    Netlist Resource(s)
  -------------------------------------------------------------------    -------------------
                         (clock clk_fpga_0 rise edge)
                                                      0.000     0.000 r  
    PS7_X0Y0             PS7                          0.000     0.000 r  design_1_i/processing_system7_0/inst/PS7_i/FCLKCLK[0]
                         net (fo=1, routed)           1.193     1.193    design_1_i/processing_system7_0/inst/FCLK_CLK_unbuffered[0]
    BUFGCTRL_X0Y16       BUFG (Prop_bufg_I_O)         0.101     1.294 r  design_1_i/processing_system7_0/inst/buffer_fclk_clk_0.FCLK_CLK_0_BUFG/O
                         net (fo=26834, routed)       1.639     2.933    design_1_i/top_0/inst/u_cnn_fsm/gen_classifier[0].u_maxpool_fc_argmax/u_fc_layer/clk
    SLICE_X52Y95         FDCE                                         r  design_1_i/top_0/inst/u_cnn_fsm/gen_classifier[0].u_maxpool_fc_argmax/u_fc_layer/valid_dl_reg[3]/C
  -------------------------------------------------------------------    -------------------
    SLICE_X52Y95         FDCE (Prop_fdce_C_Q)         0.456     3.389 r  design_1_i/top_0/inst/u_cnn_fsm/gen_classifier[0].u_maxpool_fc_argmax/u_fc_layer/valid_dl_reg[3]/Q
                         net (fo=568, routed)         7.900    11.289    design_1_i/top_0/inst/u_cnn_fsm/gen_classifier[0].u_maxpool_fc_argmax/u_fc_layer/u_mult5/acc_valid
    SLICE_X33Y137        LUT3 (Prop_lut3_I2_O)        0.124    11.413 r  design_1_i/top_0/inst/u_cnn_fsm/gen_classifier[0].u_maxpool_fc_argmax/u_fc_layer/u_mult5/fc_out_5[16]_i_9/O
                         net (fo=1, routed)           0.000    11.413    design_1_i/top_0/inst/u_cnn_fsm/gen_classifier[0].u_maxpool_fc_argmax/u_fc_layer/u_mult5/fc_out_5[16]_i_9_n_0
    SLICE_X33Y137        CARRY4 (Prop_carry4_S[0]_CO[3])
                                                      0.532    11.945 r  design_1_i/top_0/inst/u_cnn_fsm/gen_classifier[0].u_maxpool_fc_argmax/u_fc_layer/u_mult5/fc_out_5_reg[16]_i_1/CO[3]
                         net (fo=1, routed)           0.000    11.945    design_1_i/top_0/inst/u_cnn_fsm/gen_classifier[0].u_maxpool_fc_argmax/u_fc_layer/u_mult5/fc_out_5_reg[16]_i_1_n_0
    SLICE_X33Y138        CARRY4 (Prop_carry4_CI_CO[3])
                                                      0.114    12.059 r  design_1_i/top_0/inst/u_cnn_fsm/gen_classifier[0].u_maxpool_fc_argmax/u_fc_layer/u_mult5/fc_out_5_reg[20]_i_1/CO[3]
                         net (fo=1, routed)           0.000    12.059    design_1_i/top_0/inst/u_cnn_fsm/gen_classifier[0].u_maxpool_fc_argmax/u_fc_layer/u_mult5/fc_out_5_reg[20]_i_1_n_0
    SLICE_X33Y139        CARRY4 (Prop_carry4_CI_O[1])
                                                      0.334    12.393 r  design_1_i/top_0/inst/u_cnn_fsm/gen_classifier[0].u_maxpool_fc_argmax/u_fc_layer/u_mult5/fc_out_5_reg[24]_i_1/O[1]
                         net (fo=1, routed)           0.000    12.393    design_1_i/top_0/inst/u_cnn_fsm/gen_classifier[0].u_maxpool_fc_argmax/u_fc_layer/u_mult5_n_26
    SLICE_X33Y139        FDCE                                         r  design_1_i/top_0/inst/u_cnn_fsm/gen_classifier[0].u_maxpool_fc_argmax/u_fc_layer/fc_out_5_reg[25]/D
  -------------------------------------------------------------------    -------------------

                         (clock clk_fpga_0 rise edge)
                                                     10.000    10.000 r  
    PS7_X0Y0             PS7                          0.000    10.000 r  design_1_i/processing_system7_0/inst/PS7_i/FCLKCLK[0]
                         net (fo=1, routed)           1.088    11.088    design_1_i/processing_system7_0/inst/FCLK_CLK_unbuffered[0]
    BUFGCTRL_X0Y16       BUFG (Prop_bufg_I_O)         0.091    11.179 r  design_1_i/processing_system7_0/inst/buffer_fclk_clk_0.FCLK_CLK_0_BUFG/O
                         net (fo=26834, routed)       1.651    12.830    design_1_i/top_0/inst/u_cnn_fsm/gen_classifier[0].u_maxpool_fc_argmax/u_fc_layer/clk
    SLICE_X33Y139        FDCE                                         r  design_1_i/top_0/inst/u_cnn_fsm/gen_classifier[0].u_maxpool_fc_argmax/u_fc_layer/fc_out_5_reg[25]/C
                         clock pessimism              0.129    12.959    
                         clock uncertainty           -0.154    12.805    
    SLICE_X33Y139        FDCE (Setup_fdce_C_D)        0.062    12.867    design_1_i/top_0/inst/u_cnn_fsm/gen_classifier[0].u_maxpool_fc_argmax/u_fc_layer/fc_out_5_reg[25]
  -------------------------------------------------------------------
                         required time                         12.867    
                         arrival time                         -12.393    
  -------------------------------------------------------------------
                         slack                                  0.474    

Slack (MET) :             0.495ns  (required time - arrival time)
  Source:                 design_1_i/top_0/inst/u_cnn_fsm/gen_classifier[0].u_maxpool_fc_argmax/u_fc_layer/valid_dl_reg[3]/C
                            (rising edge-triggered cell FDCE clocked by clk_fpga_0  {rise@0.000ns fall@5.000ns period=10.000ns})
  Destination:            design_1_i/top_0/inst/u_cnn_fsm/gen_classifier[0].u_maxpool_fc_argmax/u_fc_layer/fc_out_5_reg[27]/D
                            (rising edge-triggered cell FDCE clocked by clk_fpga_0  {rise@0.000ns fall@5.000ns period=10.000ns})
  Path Group:             clk_fpga_0
  Path Type:              Setup (Max at Slow Process Corner)
  Requirement:            10.000ns  (clk_fpga_0 rise@10.000ns - clk_fpga_0 rise@0.000ns)
  Data Path Delay:        9.439ns  (logic 1.539ns (16.304%)  route 7.900ns (83.696%))
  Logic Levels:           4  (CARRY4=3 LUT3=1)
  Clock Path Skew:        0.026ns (DCD - SCD + CPR)
    Destination Clock Delay (DCD):    2.830ns = ( 12.830 - 10.000 ) 
    Source Clock Delay      (SCD):    2.933ns
    Clock Pessimism Removal (CPR):    0.129ns
  Clock Uncertainty:      0.154ns  ((TSJ^2 + TIJ^2)^1/2 + DJ) / 2 + PE
    Total System Jitter     (TSJ):    0.071ns
    Total Input Jitter      (TIJ):    0.300ns
    Discrete Jitter          (DJ):    0.000ns
    Phase Error              (PE):    0.000ns

    Location             Delay type                Incr(ns)  Path(ns)    Netlist Resource(s)
  -------------------------------------------------------------------    -------------------
                         (clock clk_fpga_0 rise edge)
                                                      0.000     0.000 r  
    PS7_X0Y0             PS7                          0.000     0.000 r  design_1_i/processing_system7_0/inst/PS7_i/FCLKCLK[0]
                         net (fo=1, routed)           1.193     1.193    design_1_i/processing_system7_0/inst/FCLK_CLK_unbuffered[0]
    BUFGCTRL_X0Y16       BUFG (Prop_bufg_I_O)         0.101     1.294 r  design_1_i/processing_system7_0/inst/buffer_fclk_clk_0.FCLK_CLK_0_BUFG/O
                         net (fo=26834, routed)       1.639     2.933    design_1_i/top_0/inst/u_cnn_fsm/gen_classifier[0].u_maxpool_fc_argmax/u_fc_layer/clk
    SLICE_X52Y95         FDCE                                         r  design_1_i/top_0/inst/u_cnn_fsm/gen_classifier[0].u_maxpool_fc_argmax/u_fc_layer/valid_dl_reg[3]/C
  -------------------------------------------------------------------    -------------------
    SLICE_X52Y95         FDCE (Prop_fdce_C_Q)         0.456     3.389 r  design_1_i/top_0/inst/u_cnn_fsm/gen_classifier[0].u_maxpool_fc_argmax/u_fc_layer/valid_dl_reg[3]/Q
                         net (fo=568, routed)         7.900    11.289    design_1_i/top_0/inst/u_cnn_fsm/gen_classifier[0].u_maxpool_fc_argmax/u_fc_layer/u_mult5/acc_valid
    SLICE_X33Y137        LUT3 (Prop_lut3_I2_O)        0.124    11.413 r  design_1_i/top_0/inst/u_cnn_fsm/gen_classifier[0].u_maxpool_fc_argmax/u_fc_layer/u_mult5/fc_out_5[16]_i_9/O
                         net (fo=1, routed)           0.000    11.413    design_1_i/top_0/inst/u_cnn_fsm/gen_classifier[0].u_maxpool_fc_argmax/u_fc_layer/u_mult5/fc_out_5[16]_i_9_n_0
    SLICE_X33Y137        CARRY4 (Prop_carry4_S[0]_CO[3])
                                                      0.532    11.945 r  design_1_i/top_0/inst/u_cnn_fsm/gen_classifier[0].u_maxpool_fc_argmax/u_fc_layer/u_mult5/fc_out_5_reg[16]_i_1/CO[3]
                         net (fo=1, routed)           0.000    11.945    design_1_i/top_0/inst/u_cnn_fsm/gen_classifier[0].u_maxpool_fc_argmax/u_fc_layer/u_mult5/fc_out_5_reg[16]_i_1_n_0
    SLICE_X33Y138        CARRY4 (Prop_carry4_CI_CO[3])
                                                      0.114    12.059 r  design_1_i/top_0/inst/u_cnn_fsm/gen_classifier[0].u_maxpool_fc_argmax/u_fc_layer/u_mult5/fc_out_5_reg[20]_i_1/CO[3]
                         net (fo=1, routed)           0.000    12.059    design_1_i/top_0/inst/u_cnn_fsm/gen_classifier[0].u_maxpool_fc_argmax/u_fc_layer/u_mult5/fc_out_5_reg[20]_i_1_n_0
    SLICE_X33Y139        CARRY4 (Prop_carry4_CI_O[3])
                                                      0.313    12.372 r  design_1_i/top_0/inst/u_cnn_fsm/gen_classifier[0].u_maxpool_fc_argmax/u_fc_layer/u_mult5/fc_out_5_reg[24]_i_1/O[3]
                         net (fo=1, routed)           0.000    12.372    design_1_i/top_0/inst/u_cnn_fsm/gen_classifier[0].u_maxpool_fc_argmax/u_fc_layer/u_mult5_n_24
    SLICE_X33Y139        FDCE                                         r  design_1_i/top_0/inst/u_cnn_fsm/gen_classifier[0].u_maxpool_fc_argmax/u_fc_layer/fc_out_5_reg[27]/D
  -------------------------------------------------------------------    -------------------

                         (clock clk_fpga_0 rise edge)
                                                     10.000    10.000 r  
    PS7_X0Y0             PS7                          0.000    10.000 r  design_1_i/processing_system7_0/inst/PS7_i/FCLKCLK[0]
                         net (fo=1, routed)           1.088    11.088    design_1_i/processing_system7_0/inst/FCLK_CLK_unbuffered[0]
    BUFGCTRL_X0Y16       BUFG (Prop_bufg_I_O)         0.091    11.179 r  design_1_i/processing_system7_0/inst/buffer_fclk_clk_0.FCLK_CLK_0_BUFG/O
                         net (fo=26834, routed)       1.651    12.830    design_1_i/top_0/inst/u_cnn_fsm/gen_classifier[0].u_maxpool_fc_argmax/u_fc_layer/clk
    SLICE_X33Y139        FDCE                                         r  design_1_i/top_0/inst/u_cnn_fsm/gen_classifier[0].u_maxpool_fc_argmax/u_fc_layer/fc_out_5_reg[27]/C
                         clock pessimism              0.129    12.959    
                         clock uncertainty           -0.154    12.805    
    SLICE_X33Y139        FDCE (Setup_fdce_C_D)        0.062    12.867    design_1_i/top_0/inst/u_cnn_fsm/gen_classifier[0].u_maxpool_fc_argmax/u_fc_layer/fc_out_5_reg[27]
  -------------------------------------------------------------------
                         required time                         12.867    
                         arrival time                         -12.372    
  -------------------------------------------------------------------
                         slack                                  0.495    

Slack (MET) :             0.545ns  (required time - arrival time)
  Source:                 design_1_i/top_0/inst/u_cnn_fsm/gen_classifier[0].u_maxpool_fc_argmax/u_fc_layer/valid_dl_reg[3]/C
                            (rising edge-triggered cell FDCE clocked by clk_fpga_0  {rise@0.000ns fall@5.000ns period=10.000ns})
  Destination:            design_1_i/top_0/inst/u_cnn_fsm/gen_classifier[0].u_maxpool_fc_argmax/u_fc_layer/fc_out_7_reg[26]/D
                            (rising edge-triggered cell FDCE clocked by clk_fpga_0  {rise@0.000ns fall@5.000ns period=10.000ns})
  Path Group:             clk_fpga_0
  Path Type:              Setup (Max at Slow Process Corner)
  Requirement:            10.000ns  (clk_fpga_0 rise@10.000ns - clk_fpga_0 rise@0.000ns)
  Data Path Delay:        9.482ns  (logic 1.469ns (15.493%)  route 8.013ns (84.507%))
  Logic Levels:           4  (CARRY4=3 LUT3=1)
  Clock Path Skew:        0.072ns (DCD - SCD + CPR)
    Destination Clock Delay (DCD):    2.876ns = ( 12.876 - 10.000 ) 
    Source Clock Delay      (SCD):    2.933ns
    Clock Pessimism Removal (CPR):    0.129ns
  Clock Uncertainty:      0.154ns  ((TSJ^2 + TIJ^2)^1/2 + DJ) / 2 + PE
    Total System Jitter     (TSJ):    0.071ns
    Total Input Jitter      (TIJ):    0.300ns
    Discrete Jitter          (DJ):    0.000ns
    Phase Error              (PE):    0.000ns

    Location             Delay type                Incr(ns)  Path(ns)    Netlist Resource(s)
  -------------------------------------------------------------------    -------------------
                         (clock clk_fpga_0 rise edge)
                                                      0.000     0.000 r  
    PS7_X0Y0             PS7                          0.000     0.000 r  design_1_i/processing_system7_0/inst/PS7_i/FCLKCLK[0]
                         net (fo=1, routed)           1.193     1.193    design_1_i/processing_system7_0/inst/FCLK_CLK_unbuffered[0]
    BUFGCTRL_X0Y16       BUFG (Prop_bufg_I_O)         0.101     1.294 r  design_1_i/processing_system7_0/inst/buffer_fclk_clk_0.FCLK_CLK_0_BUFG/O
                         net (fo=26834, routed)       1.639     2.933    design_1_i/top_0/inst/u_cnn_fsm/gen_classifier[0].u_maxpool_fc_argmax/u_fc_layer/clk
    SLICE_X52Y95         FDCE                                         r  design_1_i/top_0/inst/u_cnn_fsm/gen_classifier[0].u_maxpool_fc_argmax/u_fc_layer/valid_dl_reg[3]/C
  -------------------------------------------------------------------    -------------------
    SLICE_X52Y95         FDCE (Prop_fdce_C_Q)         0.456     3.389 r  design_1_i/top_0/inst/u_cnn_fsm/gen_classifier[0].u_maxpool_fc_argmax/u_fc_layer/valid_dl_reg[3]/Q
                         net (fo=568, routed)         8.013    11.402    design_1_i/top_0/inst/u_cnn_fsm/gen_classifier[0].u_maxpool_fc_argmax/u_fc_layer/u_mult7/acc_valid
    SLICE_X30Y137        LUT3 (Prop_lut3_I2_O)        0.124    11.526 r  design_1_i/top_0/inst/u_cnn_fsm/gen_classifier[0].u_maxpool_fc_argmax/u_fc_layer/u_mult7/fc_out_7[16]_i_8/O
                         net (fo=1, routed)           0.000    11.526    design_1_i/top_0/inst/u_cnn_fsm/gen_classifier[0].u_maxpool_fc_argmax/u_fc_layer/u_mult7/fc_out_7[16]_i_8_n_0
    SLICE_X30Y137        CARRY4 (Prop_carry4_S[1]_CO[3])
                                                      0.533    12.059 r  design_1_i/top_0/inst/u_cnn_fsm/gen_classifier[0].u_maxpool_fc_argmax/u_fc_layer/u_mult7/fc_out_7_reg[16]_i_1/CO[3]
                         net (fo=1, routed)           0.000    12.059    design_1_i/top_0/inst/u_cnn_fsm/gen_classifier[0].u_maxpool_fc_argmax/u_fc_layer/u_mult7/fc_out_7_reg[16]_i_1_n_0
    SLICE_X30Y138        CARRY4 (Prop_carry4_CI_CO[3])
                                                      0.117    12.176 r  design_1_i/top_0/inst/u_cnn_fsm/gen_classifier[0].u_maxpool_fc_argmax/u_fc_layer/u_mult7/fc_out_7_reg[20]_i_1/CO[3]
                         net (fo=1, routed)           0.000    12.176    design_1_i/top_0/inst/u_cnn_fsm/gen_classifier[0].u_maxpool_fc_argmax/u_fc_layer/u_mult7/fc_out_7_reg[20]_i_1_n_0
    SLICE_X30Y139        CARRY4 (Prop_carry4_CI_O[2])
                                                      0.239    12.415 r  design_1_i/top_0/inst/u_cnn_fsm/gen_classifier[0].u_maxpool_fc_argmax/u_fc_layer/u_mult7/fc_out_7_reg[24]_i_1/O[2]
                         net (fo=1, routed)           0.000    12.415    design_1_i/top_0/inst/u_cnn_fsm/gen_classifier[0].u_maxpool_fc_argmax/u_fc_layer/u_mult7_n_25
    SLICE_X30Y139        FDCE                                         r  design_1_i/top_0/inst/u_cnn_fsm/gen_classifier[0].u_maxpool_fc_argmax/u_fc_layer/fc_out_7_reg[26]/D
  -------------------------------------------------------------------    -------------------

                         (clock clk_fpga_0 rise edge)
                                                     10.000    10.000 r  
    PS7_X0Y0             PS7                          0.000    10.000 r  design_1_i/processing_system7_0/inst/PS7_i/FCLKCLK[0]
                         net (fo=1, routed)           1.088    11.088    design_1_i/processing_system7_0/inst/FCLK_CLK_unbuffered[0]
    BUFGCTRL_X0Y16       BUFG (Prop_bufg_I_O)         0.091    11.179 r  design_1_i/processing_system7_0/inst/buffer_fclk_clk_0.FCLK_CLK_0_BUFG/O
                         net (fo=26834, routed)       1.697    12.876    design_1_i/top_0/inst/u_cnn_fsm/gen_classifier[0].u_maxpool_fc_argmax/u_fc_layer/clk
    SLICE_X30Y139        FDCE                                         r  design_1_i/top_0/inst/u_cnn_fsm/gen_classifier[0].u_maxpool_fc_argmax/u_fc_layer/fc_out_7_reg[26]/C
                         clock pessimism              0.129    13.005    
                         clock uncertainty           -0.154    12.851    
    SLICE_X30Y139        FDCE (Setup_fdce_C_D)        0.109    12.960    design_1_i/top_0/inst/u_cnn_fsm/gen_classifier[0].u_maxpool_fc_argmax/u_fc_layer/fc_out_7_reg[26]
  -------------------------------------------------------------------
                         required time                         12.960    
                         arrival time                         -12.415    
  -------------------------------------------------------------------
                         slack                                  0.545    

Slack (MET) :             0.556ns  (required time - arrival time)
  Source:                 design_1_i/top_0/inst/u_cnn_fsm/gen_classifier[1].u_maxpool_fc_argmax/u_fc_layer/valid_dl_reg[3]/C
                            (rising edge-triggered cell FDCE clocked by clk_fpga_0  {rise@0.000ns fall@5.000ns period=10.000ns})
  Destination:            design_1_i/top_0/inst/u_cnn_fsm/gen_classifier[1].u_maxpool_fc_argmax/u_fc_layer/fc_out_8_reg[25]/D
                            (rising edge-triggered cell FDCE clocked by clk_fpga_0  {rise@0.000ns fall@5.000ns period=10.000ns})
  Path Group:             clk_fpga_0
  Path Type:              Setup (Max at Slow Process Corner)
  Requirement:            10.000ns  (clk_fpga_0 rise@10.000ns - clk_fpga_0 rise@0.000ns)
  Data Path Delay:        9.506ns  (logic 1.788ns (18.809%)  route 7.718ns (81.191%))
  Logic Levels:           6  (CARRY4=5 LUT3=1)
  Clock Path Skew:        0.154ns (DCD - SCD + CPR)
    Destination Clock Delay (DCD):    2.958ns = ( 12.958 - 10.000 ) 
    Source Clock Delay      (SCD):    2.933ns
    Clock Pessimism Removal (CPR):    0.129ns
  Clock Uncertainty:      0.154ns  ((TSJ^2 + TIJ^2)^1/2 + DJ) / 2 + PE
    Total System Jitter     (TSJ):    0.071ns
    Total Input Jitter      (TIJ):    0.300ns
    Discrete Jitter          (DJ):    0.000ns
    Phase Error              (PE):    0.000ns

    Location             Delay type                Incr(ns)  Path(ns)    Netlist Resource(s)
  -------------------------------------------------------------------    -------------------
                         (clock clk_fpga_0 rise edge)
                                                      0.000     0.000 r  
    PS7_X0Y0             PS7                          0.000     0.000 r  design_1_i/processing_system7_0/inst/PS7_i/FCLKCLK[0]
                         net (fo=1, routed)           1.193     1.193    design_1_i/processing_system7_0/inst/FCLK_CLK_unbuffered[0]
    BUFGCTRL_X0Y16       BUFG (Prop_bufg_I_O)         0.101     1.294 r  design_1_i/processing_system7_0/inst/buffer_fclk_clk_0.FCLK_CLK_0_BUFG/O
                         net (fo=26834, routed)       1.639     2.933    design_1_i/top_0/inst/u_cnn_fsm/gen_classifier[1].u_maxpool_fc_argmax/u_fc_layer/clk
    SLICE_X52Y95         FDCE                                         r  design_1_i/top_0/inst/u_cnn_fsm/gen_classifier[1].u_maxpool_fc_argmax/u_fc_layer/valid_dl_reg[3]/C
  -------------------------------------------------------------------    -------------------
    SLICE_X52Y95         FDCE (Prop_fdce_C_Q)         0.456     3.389 r  design_1_i/top_0/inst/u_cnn_fsm/gen_classifier[1].u_maxpool_fc_argmax/u_fc_layer/valid_dl_reg[3]/Q
                         net (fo=568, routed)         7.718    11.107    design_1_i/top_0/inst/u_cnn_fsm/gen_classifier[1].u_maxpool_fc_argmax/u_fc_layer/u_mult8/acc_valid
    SLICE_X97Y134        LUT3 (Prop_lut3_I2_O)        0.124    11.231 r  design_1_i/top_0/inst/u_cnn_fsm/gen_classifier[1].u_maxpool_fc_argmax/u_fc_layer/u_mult8/fc_out_8[8]_i_9__0/O
                         net (fo=1, routed)           0.000    11.231    design_1_i/top_0/inst/u_cnn_fsm/gen_classifier[1].u_maxpool_fc_argmax/u_fc_layer/u_mult8/fc_out_8[8]_i_9__0_n_0
    SLICE_X97Y134        CARRY4 (Prop_carry4_S[0]_CO[3])
                                                      0.532    11.763 r  design_1_i/top_0/inst/u_cnn_fsm/gen_classifier[1].u_maxpool_fc_argmax/u_fc_layer/u_mult8/fc_out_8_reg[8]_i_1__0/CO[3]
                         net (fo=1, routed)           0.000    11.763    design_1_i/top_0/inst/u_cnn_fsm/gen_classifier[1].u_maxpool_fc_argmax/u_fc_layer/u_mult8/fc_out_8_reg[8]_i_1__0_n_0
    SLICE_X97Y135        CARRY4 (Prop_carry4_CI_CO[3])
                                                      0.114    11.877 r  design_1_i/top_0/inst/u_cnn_fsm/gen_classifier[1].u_maxpool_fc_argmax/u_fc_layer/u_mult8/fc_out_8_reg[12]_i_1__0/CO[3]
                         net (fo=1, routed)           0.000    11.877    design_1_i/top_0/inst/u_cnn_fsm/gen_classifier[1].u_maxpool_fc_argmax/u_fc_layer/u_mult8/fc_out_8_reg[12]_i_1__0_n_0
    SLICE_X97Y136        CARRY4 (Prop_carry4_CI_CO[3])
                                                      0.114    11.991 r  design_1_i/top_0/inst/u_cnn_fsm/gen_classifier[1].u_maxpool_fc_argmax/u_fc_layer/u_mult8/fc_out_8_reg[16]_i_1__0/CO[3]
                         net (fo=1, routed)           0.000    11.991    design_1_i/top_0/inst/u_cnn_fsm/gen_classifier[1].u_maxpool_fc_argmax/u_fc_layer/u_mult8/fc_out_8_reg[16]_i_1__0_n_0
    SLICE_X97Y137        CARRY4 (Prop_carry4_CI_CO[3])
                                                      0.114    12.105 r  design_1_i/top_0/inst/u_cnn_fsm/gen_classifier[1].u_maxpool_fc_argmax/u_fc_layer/u_mult8/fc_out_8_reg[20]_i_1__0/CO[3]
                         net (fo=1, routed)           0.000    12.105    design_1_i/top_0/inst/u_cnn_fsm/gen_classifier[1].u_maxpool_fc_argmax/u_fc_layer/u_mult8/fc_out_8_reg[20]_i_1__0_n_0
    SLICE_X97Y138        CARRY4 (Prop_carry4_CI_O[1])
                                                      0.334    12.439 r  design_1_i/top_0/inst/u_cnn_fsm/gen_classifier[1].u_maxpool_fc_argmax/u_fc_layer/u_mult8/fc_out_8_reg[24]_i_1__0/O[1]
                         net (fo=1, routed)           0.000    12.439    design_1_i/top_0/inst/u_cnn_fsm/gen_classifier[1].u_maxpool_fc_argmax/u_fc_layer/u_mult8_n_26
    SLICE_X97Y138        FDCE                                         r  design_1_i/top_0/inst/u_cnn_fsm/gen_classifier[1].u_maxpool_fc_argmax/u_fc_layer/fc_out_8_reg[25]/D
  -------------------------------------------------------------------    -------------------

                         (clock clk_fpga_0 rise edge)
                                                     10.000    10.000 r  
    PS7_X0Y0             PS7                          0.000    10.000 r  design_1_i/processing_system7_0/inst/PS7_i/FCLKCLK[0]
                         net (fo=1, routed)           1.088    11.088    design_1_i/processing_system7_0/inst/FCLK_CLK_unbuffered[0]
    BUFGCTRL_X0Y16       BUFG (Prop_bufg_I_O)         0.091    11.179 r  design_1_i/processing_system7_0/inst/buffer_fclk_clk_0.FCLK_CLK_0_BUFG/O
                         net (fo=26834, routed)       1.779    12.958    design_1_i/top_0/inst/u_cnn_fsm/gen_classifier[1].u_maxpool_fc_argmax/u_fc_layer/clk
    SLICE_X97Y138        FDCE                                         r  design_1_i/top_0/inst/u_cnn_fsm/gen_classifier[1].u_maxpool_fc_argmax/u_fc_layer/fc_out_8_reg[25]/C
                         clock pessimism              0.129    13.087    
                         clock uncertainty           -0.154    12.933    
    SLICE_X97Y138        FDCE (Setup_fdce_C_D)        0.062    12.995    design_1_i/top_0/inst/u_cnn_fsm/gen_classifier[1].u_maxpool_fc_argmax/u_fc_layer/fc_out_8_reg[25]
  -------------------------------------------------------------------
                         required time                         12.995    
                         arrival time                         -12.439    
  -------------------------------------------------------------------
                         slack                                  0.556    





Min Delay Paths
--------------------------------------------------------------------------------------
Slack (MET) :             0.018ns  (arrival time - required time)
  Source:                 design_1_i/smartconnect_0/inst/s00_nodes/s00_ar_node/inst/inst_mi_handler/gen_normal_area.inst_fifo_node_payld/gen_xpm_memory_fifo.inst_fifo/gen_mem_rep[0].inst_xpm_memory/xpm_memory_base_inst/gen_rd_b.doutb_reg_reg[114]/C
                            (rising edge-triggered cell FDRE clocked by clk_fpga_0  {rise@0.000ns fall@5.000ns period=10.000ns})
  Destination:            design_1_i/smartconnect_0/inst/switchboards/ar_switchboard/inst/gen_mi[0].inst_opipe_payld/gen_pipe[1].pipe_reg[1][114]/D
                            (rising edge-triggered cell FDRE clocked by clk_fpga_0  {rise@0.000ns fall@5.000ns period=10.000ns})
  Path Group:             clk_fpga_0
  Path Type:              Hold (Min at Fast Process Corner)
  Requirement:            0.000ns  (clk_fpga_0 rise@0.000ns - clk_fpga_0 rise@0.000ns)
  Data Path Delay:        0.305ns  (logic 0.148ns (48.520%)  route 0.157ns (51.480%))
  Logic Levels:           0  
  Clock Path Skew:        0.265ns (DCD - SCD - CPR)
    Destination Clock Delay (DCD):    1.181ns
    Source Clock Delay      (SCD):    0.881ns
    Clock Pessimism Removal (CPR):    0.035ns

    Location             Delay type                Incr(ns)  Path(ns)    Netlist Resource(s)
  -------------------------------------------------------------------    -------------------
                         (clock clk_fpga_0 rise edge)
                                                      0.000     0.000 r  
    PS7_X0Y0             PS7                          0.000     0.000 r  design_1_i/processing_system7_0/inst/PS7_i/FCLKCLK[0]
                         net (fo=1, routed)           0.310     0.310    design_1_i/processing_system7_0/inst/FCLK_CLK_unbuffered[0]
    BUFGCTRL_X0Y16       BUFG (Prop_bufg_I_O)         0.026     0.336 r  design_1_i/processing_system7_0/inst/buffer_fclk_clk_0.FCLK_CLK_0_BUFG/O
                         net (fo=26834, routed)       0.545     0.881    design_1_i/smartconnect_0/inst/s00_nodes/s00_ar_node/inst/inst_mi_handler/gen_normal_area.inst_fifo_node_payld/gen_xpm_memory_fifo.inst_fifo/gen_mem_rep[0].inst_xpm_memory/xpm_memory_base_inst/clka
    SLICE_X50Y81         FDRE                                         r  design_1_i/smartconnect_0/inst/s00_nodes/s00_ar_node/inst/inst_mi_handler/gen_normal_area.inst_fifo_node_payld/gen_xpm_memory_fifo.inst_fifo/gen_mem_rep[0].inst_xpm_memory/xpm_memory_base_inst/gen_rd_b.doutb_reg_reg[114]/C
  -------------------------------------------------------------------    -------------------
    SLICE_X50Y81         FDRE (Prop_fdre_C_Q)         0.148     1.029 r  design_1_i/smartconnect_0/inst/s00_nodes/s00_ar_node/inst/inst_mi_handler/gen_normal_area.inst_fifo_node_payld/gen_xpm_memory_fifo.inst_fifo/gen_mem_rep[0].inst_xpm_memory/xpm_memory_base_inst/gen_rd_b.doutb_reg_reg[114]/Q
                         net (fo=1, routed)           0.157     1.186    design_1_i/smartconnect_0/inst/switchboards/ar_switchboard/inst/gen_mi[0].inst_opipe_payld/s_sc_payld[35]
    SLICE_X49Y81         FDRE                                         r  design_1_i/smartconnect_0/inst/switchboards/ar_switchboard/inst/gen_mi[0].inst_opipe_payld/gen_pipe[1].pipe_reg[1][114]/D
  -------------------------------------------------------------------    -------------------

                         (clock clk_fpga_0 rise edge)
                                                      0.000     0.000 r  
    PS7_X0Y0             PS7                          0.000     0.000 r  design_1_i/processing_system7_0/inst/PS7_i/FCLKCLK[0]
                         net (fo=1, routed)           0.337     0.337    design_1_i/processing_system7_0/inst/FCLK_CLK_unbuffered[0]
    BUFGCTRL_X0Y16       BUFG (Prop_bufg_I_O)         0.029     0.366 r  design_1_i/processing_system7_0/inst/buffer_fclk_clk_0.FCLK_CLK_0_BUFG/O
                         net (fo=26834, routed)       0.815     1.181    design_1_i/smartconnect_0/inst/switchboards/ar_switchboard/inst/gen_mi[0].inst_opipe_payld/aclk
    SLICE_X49Y81         FDRE                                         r  design_1_i/smartconnect_0/inst/switchboards/ar_switchboard/inst/gen_mi[0].inst_opipe_payld/gen_pipe[1].pipe_reg[1][114]/C
                         clock pessimism             -0.035     1.146    
    SLICE_X49Y81         FDRE (Hold_fdre_C_D)         0.022     1.168    design_1_i/smartconnect_0/inst/switchboards/ar_switchboard/inst/gen_mi[0].inst_opipe_payld/gen_pipe[1].pipe_reg[1][114]
  -------------------------------------------------------------------
                         required time                         -1.168    
                         arrival time                           1.186    
  -------------------------------------------------------------------
                         slack                                  0.018    

Slack (MET) :             0.019ns  (arrival time - required time)
  Source:                 design_1_i/top_0/inst/u_cnn_fsm/u_conv2/gen_channel[2].u_slide/shift_reg_reg[71][6]/C
                            (rising edge-triggered cell FDCE clocked by clk_fpga_0  {rise@0.000ns fall@5.000ns period=10.000ns})
  Destination:            design_1_i/top_0/inst/u_cnn_fsm/u_conv2/gen_channel[2].u_slide/shift_reg_reg[70][6]/D
                            (rising edge-triggered cell FDCE clocked by clk_fpga_0  {rise@0.000ns fall@5.000ns period=10.000ns})
  Path Group:             clk_fpga_0
  Path Type:              Hold (Min at Fast Process Corner)
  Requirement:            0.000ns  (clk_fpga_0 rise@0.000ns - clk_fpga_0 rise@0.000ns)
  Data Path Delay:        0.391ns  (logic 0.212ns (54.223%)  route 0.179ns (45.777%))
  Logic Levels:           1  (LUT2=1)
  Clock Path Skew:        0.265ns (DCD - SCD - CPR)
    Destination Clock Delay (DCD):    1.189ns
    Source Clock Delay      (SCD):    0.889ns
    Clock Pessimism Removal (CPR):    0.035ns

    Location             Delay type                Incr(ns)  Path(ns)    Netlist Resource(s)
  -------------------------------------------------------------------    -------------------
                         (clock clk_fpga_0 rise edge)
                                                      0.000     0.000 r  
    PS7_X0Y0             PS7                          0.000     0.000 r  design_1_i/processing_system7_0/inst/PS7_i/FCLKCLK[0]
                         net (fo=1, routed)           0.310     0.310    design_1_i/processing_system7_0/inst/FCLK_CLK_unbuffered[0]
    BUFGCTRL_X0Y16       BUFG (Prop_bufg_I_O)         0.026     0.336 r  design_1_i/processing_system7_0/inst/buffer_fclk_clk_0.FCLK_CLK_0_BUFG/O
                         net (fo=26834, routed)       0.553     0.889    design_1_i/top_0/inst/u_cnn_fsm/u_conv2/gen_channel[2].u_slide/clk
    SLICE_X50Y33         FDCE                                         r  design_1_i/top_0/inst/u_cnn_fsm/u_conv2/gen_channel[2].u_slide/shift_reg_reg[71][6]/C
  -------------------------------------------------------------------    -------------------
    SLICE_X50Y33         FDCE (Prop_fdce_C_Q)         0.164     1.053 r  design_1_i/top_0/inst/u_cnn_fsm/u_conv2/gen_channel[2].u_slide/shift_reg_reg[71][6]/Q
                         net (fo=1, routed)           0.179     1.231    design_1_i/top_0/inst/u_cnn_fsm/u_conv2/gen_channel[2].u_slide/shift_reg_reg[71]_421[6]
    SLICE_X49Y34         LUT2 (Prop_lut2_I0_O)        0.048     1.279 r  design_1_i/top_0/inst/u_cnn_fsm/u_conv2/gen_channel[2].u_slide/shift_reg[70][6]_i_1__2/O
                         net (fo=1, routed)           0.000     1.279    design_1_i/top_0/inst/u_cnn_fsm/u_conv2/gen_channel[2].u_slide/shift_reg[70][6]_i_1__2_n_0
    SLICE_X49Y34         FDCE                                         r  design_1_i/top_0/inst/u_cnn_fsm/u_conv2/gen_channel[2].u_slide/shift_reg_reg[70][6]/D
  -------------------------------------------------------------------    -------------------

                         (clock clk_fpga_0 rise edge)
                                                      0.000     0.000 r  
    PS7_X0Y0             PS7                          0.000     0.000 r  design_1_i/processing_system7_0/inst/PS7_i/FCLKCLK[0]
                         net (fo=1, routed)           0.337     0.337    design_1_i/processing_system7_0/inst/FCLK_CLK_unbuffered[0]
    BUFGCTRL_X0Y16       BUFG (Prop_bufg_I_O)         0.029     0.366 r  design_1_i/processing_system7_0/inst/buffer_fclk_clk_0.FCLK_CLK_0_BUFG/O
                         net (fo=26834, routed)       0.823     1.189    design_1_i/top_0/inst/u_cnn_fsm/u_conv2/gen_channel[2].u_slide/clk
    SLICE_X49Y34         FDCE                                         r  design_1_i/top_0/inst/u_cnn_fsm/u_conv2/gen_channel[2].u_slide/shift_reg_reg[70][6]/C
                         clock pessimism             -0.035     1.154    
    SLICE_X49Y34         FDCE (Hold_fdce_C_D)         0.107     1.261    design_1_i/top_0/inst/u_cnn_fsm/u_conv2/gen_channel[2].u_slide/shift_reg_reg[70][6]
  -------------------------------------------------------------------
                         required time                         -1.261    
                         arrival time                           1.279    
  -------------------------------------------------------------------
                         slack                                  0.019    

Slack (MET) :             0.022ns  (arrival time - required time)
  Source:                 design_1_i/smartconnect_0/inst/s00_nodes/s00_ar_node/inst/inst_mi_handler/gen_normal_area.inst_fifo_node_payld/gen_xpm_memory_fifo.inst_fifo/gen_mem_rep[0].inst_xpm_memory/xpm_memory_base_inst/gen_rd_b.doutb_reg_reg[118]/C
                            (rising edge-triggered cell FDRE clocked by clk_fpga_0  {rise@0.000ns fall@5.000ns period=10.000ns})
  Destination:            design_1_i/smartconnect_0/inst/switchboards/ar_switchboard/inst/gen_mi[0].inst_opipe_payld/gen_pipe[1].pipe_reg[1][118]/D
                            (rising edge-triggered cell FDRE clocked by clk_fpga_0  {rise@0.000ns fall@5.000ns period=10.000ns})
  Path Group:             clk_fpga_0
  Path Type:              Hold (Min at Fast Process Corner)
  Requirement:            0.000ns  (clk_fpga_0 rise@0.000ns - clk_fpga_0 rise@0.000ns)
  Data Path Delay:        0.305ns  (logic 0.148ns (48.601%)  route 0.157ns (51.399%))
  Logic Levels:           0  
  Clock Path Skew:        0.265ns (DCD - SCD - CPR)
    Destination Clock Delay (DCD):    1.181ns
    Source Clock Delay      (SCD):    0.881ns
    Clock Pessimism Removal (CPR):    0.035ns

    Location             Delay type                Incr(ns)  Path(ns)    Netlist Resource(s)
  -------------------------------------------------------------------    -------------------
                         (clock clk_fpga_0 rise edge)
                                                      0.000     0.000 r  
    PS7_X0Y0             PS7                          0.000     0.000 r  design_1_i/processing_system7_0/inst/PS7_i/FCLKCLK[0]
                         net (fo=1, routed)           0.310     0.310    design_1_i/processing_system7_0/inst/FCLK_CLK_unbuffered[0]
    BUFGCTRL_X0Y16       BUFG (Prop_bufg_I_O)         0.026     0.336 r  design_1_i/processing_system7_0/inst/buffer_fclk_clk_0.FCLK_CLK_0_BUFG/O
                         net (fo=26834, routed)       0.545     0.881    design_1_i/smartconnect_0/inst/s00_nodes/s00_ar_node/inst/inst_mi_handler/gen_normal_area.inst_fifo_node_payld/gen_xpm_memory_fifo.inst_fifo/gen_mem_rep[0].inst_xpm_memory/xpm_memory_base_inst/clka
    SLICE_X50Y81         FDRE                                         r  design_1_i/smartconnect_0/inst/s00_nodes/s00_ar_node/inst/inst_mi_handler/gen_normal_area.inst_fifo_node_payld/gen_xpm_memory_fifo.inst_fifo/gen_mem_rep[0].inst_xpm_memory/xpm_memory_base_inst/gen_rd_b.doutb_reg_reg[118]/C
  -------------------------------------------------------------------    -------------------
    SLICE_X50Y81         FDRE (Prop_fdre_C_Q)         0.148     1.029 r  design_1_i/smartconnect_0/inst/s00_nodes/s00_ar_node/inst/inst_mi_handler/gen_normal_area.inst_fifo_node_payld/gen_xpm_memory_fifo.inst_fifo/gen_mem_rep[0].inst_xpm_memory/xpm_memory_base_inst/gen_rd_b.doutb_reg_reg[118]/Q
                         net (fo=1, routed)           0.157     1.185    design_1_i/smartconnect_0/inst/switchboards/ar_switchboard/inst/gen_mi[0].inst_opipe_payld/s_sc_payld[39]
    SLICE_X49Y81         FDRE                                         r  design_1_i/smartconnect_0/inst/switchboards/ar_switchboard/inst/gen_mi[0].inst_opipe_payld/gen_pipe[1].pipe_reg[1][118]/D
  -------------------------------------------------------------------    -------------------

                         (clock clk_fpga_0 rise edge)
                                                      0.000     0.000 r  
    PS7_X0Y0             PS7                          0.000     0.000 r  design_1_i/processing_system7_0/inst/PS7_i/FCLKCLK[0]
                         net (fo=1, routed)           0.337     0.337    design_1_i/processing_system7_0/inst/FCLK_CLK_unbuffered[0]
    BUFGCTRL_X0Y16       BUFG (Prop_bufg_I_O)         0.029     0.366 r  design_1_i/processing_system7_0/inst/buffer_fclk_clk_0.FCLK_CLK_0_BUFG/O
                         net (fo=26834, routed)       0.815     1.181    design_1_i/smartconnect_0/inst/switchboards/ar_switchboard/inst/gen_mi[0].inst_opipe_payld/aclk
    SLICE_X49Y81         FDRE                                         r  design_1_i/smartconnect_0/inst/switchboards/ar_switchboard/inst/gen_mi[0].inst_opipe_payld/gen_pipe[1].pipe_reg[1][118]/C
                         clock pessimism             -0.035     1.146    
    SLICE_X49Y81         FDRE (Hold_fdre_C_D)         0.017     1.163    design_1_i/smartconnect_0/inst/switchboards/ar_switchboard/inst/gen_mi[0].inst_opipe_payld/gen_pipe[1].pipe_reg[1][118]
  -------------------------------------------------------------------
                         required time                         -1.163    
                         arrival time                           1.185    
  -------------------------------------------------------------------
                         slack                                  0.022    

Slack (MET) :             0.024ns  (arrival time - required time)
  Source:                 design_1_i/smartconnect_0/inst/m12_nodes/m12_w_node/inst/inst_mi_handler/gen_normal_area.inst_fifo_node_payld/gen_xpm_memory_fifo.inst_fifo/gen_mem_rep[0].inst_wr_addra/count_r_reg[0]/C
                            (rising edge-triggered cell FDRE clocked by clk_fpga_0  {rise@0.000ns fall@5.000ns period=10.000ns})
  Destination:            design_1_i/smartconnect_0/inst/m12_nodes/m12_w_node/inst/inst_mi_handler/gen_normal_area.inst_fifo_node_payld/gen_xpm_memory_fifo.inst_fifo/gen_mem_rep[0].inst_xpm_memory/xpm_memory_base_inst/gen_wr_a.gen_word_narrow.mem_reg_0_31_36_41/RAMA/WADR0
                            (rising edge-triggered cell RAMD32 clocked by clk_fpga_0  {rise@0.000ns fall@5.000ns period=10.000ns})
  Path Group:             clk_fpga_0
  Path Type:              Hold (Min at Fast Process Corner)
  Requirement:            0.000ns  (clk_fpga_0 rise@0.000ns - clk_fpga_0 rise@0.000ns)
  Data Path Delay:        0.347ns  (logic 0.141ns (40.599%)  route 0.206ns (59.401%))
  Logic Levels:           0  
  Clock Path Skew:        0.013ns (DCD - SCD - CPR)
    Destination Clock Delay (DCD):    1.242ns
    Source Clock Delay      (SCD):    0.942ns
    Clock Pessimism Removal (CPR):    0.287ns

    Location             Delay type                Incr(ns)  Path(ns)    Netlist Resource(s)
  -------------------------------------------------------------------    -------------------
                         (clock clk_fpga_0 rise edge)
                                                      0.000     0.000 r  
    PS7_X0Y0             PS7                          0.000     0.000 r  design_1_i/processing_system7_0/inst/PS7_i/FCLKCLK[0]
                         net (fo=1, routed)           0.310     0.310    design_1_i/processing_system7_0/inst/FCLK_CLK_unbuffered[0]
    BUFGCTRL_X0Y16       BUFG (Prop_bufg_I_O)         0.026     0.336 r  design_1_i/processing_system7_0/inst/buffer_fclk_clk_0.FCLK_CLK_0_BUFG/O
                         net (fo=26834, routed)       0.606     0.942    design_1_i/smartconnect_0/inst/m12_nodes/m12_w_node/inst/inst_mi_handler/gen_normal_area.inst_fifo_node_payld/gen_xpm_memory_fifo.inst_fifo/gen_mem_rep[0].inst_wr_addra/s_sc_aclk
    SLICE_X93Y94         FDRE                                         r  design_1_i/smartconnect_0/inst/m12_nodes/m12_w_node/inst/inst_mi_handler/gen_normal_area.inst_fifo_node_payld/gen_xpm_memory_fifo.inst_fifo/gen_mem_rep[0].inst_wr_addra/count_r_reg[0]/C
  -------------------------------------------------------------------    -------------------
    SLICE_X93Y94         FDRE (Prop_fdre_C_Q)         0.141     1.083 r  design_1_i/smartconnect_0/inst/m12_nodes/m12_w_node/inst/inst_mi_handler/gen_normal_area.inst_fifo_node_payld/gen_xpm_memory_fifo.inst_fifo/gen_mem_rep[0].inst_wr_addra/count_r_reg[0]/Q
                         net (fo=32, routed)          0.206     1.289    design_1_i/smartconnect_0/inst/m12_nodes/m12_w_node/inst/inst_mi_handler/gen_normal_area.inst_fifo_node_payld/gen_xpm_memory_fifo.inst_fifo/gen_mem_rep[0].inst_xpm_memory/xpm_memory_base_inst/gen_wr_a.gen_word_narrow.mem_reg_0_31_36_41/ADDRD0
    SLICE_X92Y94         RAMD32                                       r  design_1_i/smartconnect_0/inst/m12_nodes/m12_w_node/inst/inst_mi_handler/gen_normal_area.inst_fifo_node_payld/gen_xpm_memory_fifo.inst_fifo/gen_mem_rep[0].inst_xpm_memory/xpm_memory_base_inst/gen_wr_a.gen_word_narrow.mem_reg_0_31_36_41/RAMA/WADR0
  -------------------------------------------------------------------    -------------------

                         (clock clk_fpga_0 rise edge)
                                                      0.000     0.000 r  
    PS7_X0Y0             PS7                          0.000     0.000 r  design_1_i/processing_system7_0/inst/PS7_i/FCLKCLK[0]
                         net (fo=1, routed)           0.337     0.337    design_1_i/processing_system7_0/inst/FCLK_CLK_unbuffered[0]
    BUFGCTRL_X0Y16       BUFG (Prop_bufg_I_O)         0.029     0.366 r  design_1_i/processing_system7_0/inst/buffer_fclk_clk_0.FCLK_CLK_0_BUFG/O
                         net (fo=26834, routed)       0.876     1.242    design_1_i/smartconnect_0/inst/m12_nodes/m12_w_node/inst/inst_mi_handler/gen_normal_area.inst_fifo_node_payld/gen_xpm_memory_fifo.inst_fifo/gen_mem_rep[0].inst_xpm_memory/xpm_memory_base_inst/gen_wr_a.gen_word_narrow.mem_reg_0_31_36_41/WCLK
    SLICE_X92Y94         RAMD32                                       r  design_1_i/smartconnect_0/inst/m12_nodes/m12_w_node/inst/inst_mi_handler/gen_normal_area.inst_fifo_node_payld/gen_xpm_memory_fifo.inst_fifo/gen_mem_rep[0].inst_xpm_memory/xpm_memory_base_inst/gen_wr_a.gen_word_narrow.mem_reg_0_31_36_41/RAMA/CLK
                         clock pessimism             -0.287     0.955    
    SLICE_X92Y94         RAMD32 (Hold_ramd32_CLK_WADR0)
                                                      0.310     1.265    design_1_i/smartconnect_0/inst/m12_nodes/m12_w_node/inst/inst_mi_handler/gen_normal_area.inst_fifo_node_payld/gen_xpm_memory_fifo.inst_fifo/gen_mem_rep[0].inst_xpm_memory/xpm_memory_base_inst/gen_wr_a.gen_word_narrow.mem_reg_0_31_36_41/RAMA
  -------------------------------------------------------------------
                         required time                         -1.265    
                         arrival time                           1.289    
  -------------------------------------------------------------------
                         slack                                  0.024    

Slack (MET) :             0.024ns  (arrival time - required time)
  Source:                 design_1_i/smartconnect_0/inst/m12_nodes/m12_w_node/inst/inst_mi_handler/gen_normal_area.inst_fifo_node_payld/gen_xpm_memory_fifo.inst_fifo/gen_mem_rep[0].inst_wr_addra/count_r_reg[0]/C
                            (rising edge-triggered cell FDRE clocked by clk_fpga_0  {rise@0.000ns fall@5.000ns period=10.000ns})
  Destination:            design_1_i/smartconnect_0/inst/m12_nodes/m12_w_node/inst/inst_mi_handler/gen_normal_area.inst_fifo_node_payld/gen_xpm_memory_fifo.inst_fifo/gen_mem_rep[0].inst_xpm_memory/xpm_memory_base_inst/gen_wr_a.gen_word_narrow.mem_reg_0_31_36_41/RAMA_D1/WADR0
                            (rising edge-triggered cell RAMD32 clocked by clk_fpga_0  {rise@0.000ns fall@5.000ns period=10.000ns})
  Path Group:             clk_fpga_0
  Path Type:              Hold (Min at Fast Process Corner)
  Requirement:            0.000ns  (clk_fpga_0 rise@0.000ns - clk_fpga_0 rise@0.000ns)
  Data Path Delay:        0.347ns  (logic 0.141ns (40.599%)  route 0.206ns (59.401%))
  Logic Levels:           0  
  Clock Path Skew:        0.013ns (DCD - SCD - CPR)
    Destination Clock Delay (DCD):    1.242ns
    Source Clock Delay      (SCD):    0.942ns
    Clock Pessimism Removal (CPR):    0.287ns

    Location             Delay type                Incr(ns)  Path(ns)    Netlist Resource(s)
  -------------------------------------------------------------------    -------------------
                         (clock clk_fpga_0 rise edge)
                                                      0.000     0.000 r  
    PS7_X0Y0             PS7                          0.000     0.000 r  design_1_i/processing_system7_0/inst/PS7_i/FCLKCLK[0]
                         net (fo=1, routed)           0.310     0.310    design_1_i/processing_system7_0/inst/FCLK_CLK_unbuffered[0]
    BUFGCTRL_X0Y16       BUFG (Prop_bufg_I_O)         0.026     0.336 r  design_1_i/processing_system7_0/inst/buffer_fclk_clk_0.FCLK_CLK_0_BUFG/O
                         net (fo=26834, routed)       0.606     0.942    design_1_i/smartconnect_0/inst/m12_nodes/m12_w_node/inst/inst_mi_handler/gen_normal_area.inst_fifo_node_payld/gen_xpm_memory_fifo.inst_fifo/gen_mem_rep[0].inst_wr_addra/s_sc_aclk
    SLICE_X93Y94         FDRE                                         r  design_1_i/smartconnect_0/inst/m12_nodes/m12_w_node/inst/inst_mi_handler/gen_normal_area.inst_fifo_node_payld/gen_xpm_memory_fifo.inst_fifo/gen_mem_rep[0].inst_wr_addra/count_r_reg[0]/C
  -------------------------------------------------------------------    -------------------
    SLICE_X93Y94         FDRE (Prop_fdre_C_Q)         0.141     1.083 r  design_1_i/smartconnect_0/inst/m12_nodes/m12_w_node/inst/inst_mi_handler/gen_normal_area.inst_fifo_node_payld/gen_xpm_memory_fifo.inst_fifo/gen_mem_rep[0].inst_wr_addra/count_r_reg[0]/Q
                         net (fo=32, routed)          0.206     1.289    design_1_i/smartconnect_0/inst/m12_nodes/m12_w_node/inst/inst_mi_handler/gen_normal_area.inst_fifo_node_payld/gen_xpm_memory_fifo.inst_fifo/gen_mem_rep[0].inst_xpm_memory/xpm_memory_base_inst/gen_wr_a.gen_word_narrow.mem_reg_0_31_36_41/ADDRD0
    SLICE_X92Y94         RAMD32                                       r  design_1_i/smartconnect_0/inst/m12_nodes/m12_w_node/inst/inst_mi_handler/gen_normal_area.inst_fifo_node_payld/gen_xpm_memory_fifo.inst_fifo/gen_mem_rep[0].inst_xpm_memory/xpm_memory_base_inst/gen_wr_a.gen_word_narrow.mem_reg_0_31_36_41/RAMA_D1/WADR0
  -------------------------------------------------------------------    -------------------

                         (clock clk_fpga_0 rise edge)
                                                      0.000     0.000 r  
    PS7_X0Y0             PS7                          0.000     0.000 r  design_1_i/processing_system7_0/inst/PS7_i/FCLKCLK[0]
                         net (fo=1, routed)           0.337     0.337    design_1_i/processing_system7_0/inst/FCLK_CLK_unbuffered[0]
    BUFGCTRL_X0Y16       BUFG (Prop_bufg_I_O)         0.029     0.366 r  design_1_i/processing_system7_0/inst/buffer_fclk_clk_0.FCLK_CLK_0_BUFG/O
                         net (fo=26834, routed)       0.876     1.242    design_1_i/smartconnect_0/inst/m12_nodes/m12_w_node/inst/inst_mi_handler/gen_normal_area.inst_fifo_node_payld/gen_xpm_memory_fifo.inst_fifo/gen_mem_rep[0].inst_xpm_memory/xpm_memory_base_inst/gen_wr_a.gen_word_narrow.mem_reg_0_31_36_41/WCLK
    SLICE_X92Y94         RAMD32                                       r  design_1_i/smartconnect_0/inst/m12_nodes/m12_w_node/inst/inst_mi_handler/gen_normal_area.inst_fifo_node_payld/gen_xpm_memory_fifo.inst_fifo/gen_mem_rep[0].inst_xpm_memory/xpm_memory_base_inst/gen_wr_a.gen_word_narrow.mem_reg_0_31_36_41/RAMA_D1/CLK
                         clock pessimism             -0.287     0.955    
    SLICE_X92Y94         RAMD32 (Hold_ramd32_CLK_WADR0)
                                                      0.310     1.265    design_1_i/smartconnect_0/inst/m12_nodes/m12_w_node/inst/inst_mi_handler/gen_normal_area.inst_fifo_node_payld/gen_xpm_memory_fifo.inst_fifo/gen_mem_rep[0].inst_xpm_memory/xpm_memory_base_inst/gen_wr_a.gen_word_narrow.mem_reg_0_31_36_41/RAMA_D1
  -------------------------------------------------------------------
                         required time                         -1.265    
                         arrival time                           1.289    
  -------------------------------------------------------------------
                         slack                                  0.024    

Slack (MET) :             0.024ns  (arrival time - required time)
  Source:                 design_1_i/smartconnect_0/inst/m12_nodes/m12_w_node/inst/inst_mi_handler/gen_normal_area.inst_fifo_node_payld/gen_xpm_memory_fifo.inst_fifo/gen_mem_rep[0].inst_wr_addra/count_r_reg[0]/C
                            (rising edge-triggered cell FDRE clocked by clk_fpga_0  {rise@0.000ns fall@5.000ns period=10.000ns})
  Destination:            design_1_i/smartconnect_0/inst/m12_nodes/m12_w_node/inst/inst_mi_handler/gen_normal_area.inst_fifo_node_payld/gen_xpm_memory_fifo.inst_fifo/gen_mem_rep[0].inst_xpm_memory/xpm_memory_base_inst/gen_wr_a.gen_word_narrow.mem_reg_0_31_36_41/RAMB/WADR0
                            (rising edge-triggered cell RAMD32 clocked by clk_fpga_0  {rise@0.000ns fall@5.000ns period=10.000ns})
  Path Group:             clk_fpga_0
  Path Type:              Hold (Min at Fast Process Corner)
  Requirement:            0.000ns  (clk_fpga_0 rise@0.000ns - clk_fpga_0 rise@0.000ns)
  Data Path Delay:        0.347ns  (logic 0.141ns (40.599%)  route 0.206ns (59.401%))
  Logic Levels:           0  
  Clock Path Skew:        0.013ns (DCD - SCD - CPR)
    Destination Clock Delay (DCD):    1.242ns
    Source Clock Delay      (SCD):    0.942ns
    Clock Pessimism Removal (CPR):    0.287ns

    Location             Delay type                Incr(ns)  Path(ns)    Netlist Resource(s)
  -------------------------------------------------------------------    -------------------
                         (clock clk_fpga_0 rise edge)
                                                      0.000     0.000 r  
    PS7_X0Y0             PS7                          0.000     0.000 r  design_1_i/processing_system7_0/inst/PS7_i/FCLKCLK[0]
                         net (fo=1, routed)           0.310     0.310    design_1_i/processing_system7_0/inst/FCLK_CLK_unbuffered[0]
    BUFGCTRL_X0Y16       BUFG (Prop_bufg_I_O)         0.026     0.336 r  design_1_i/processing_system7_0/inst/buffer_fclk_clk_0.FCLK_CLK_0_BUFG/O
                         net (fo=26834, routed)       0.606     0.942    design_1_i/smartconnect_0/inst/m12_nodes/m12_w_node/inst/inst_mi_handler/gen_normal_area.inst_fifo_node_payld/gen_xpm_memory_fifo.inst_fifo/gen_mem_rep[0].inst_wr_addra/s_sc_aclk
    SLICE_X93Y94         FDRE                                         r  design_1_i/smartconnect_0/inst/m12_nodes/m12_w_node/inst/inst_mi_handler/gen_normal_area.inst_fifo_node_payld/gen_xpm_memory_fifo.inst_fifo/gen_mem_rep[0].inst_wr_addra/count_r_reg[0]/C
  -------------------------------------------------------------------    -------------------
    SLICE_X93Y94         FDRE (Prop_fdre_C_Q)         0.141     1.083 r  design_1_i/smartconnect_0/inst/m12_nodes/m12_w_node/inst/inst_mi_handler/gen_normal_area.inst_fifo_node_payld/gen_xpm_memory_fifo.inst_fifo/gen_mem_rep[0].inst_wr_addra/count_r_reg[0]/Q
                         net (fo=32, routed)          0.206     1.289    design_1_i/smartconnect_0/inst/m12_nodes/m12_w_node/inst/inst_mi_handler/gen_normal_area.inst_fifo_node_payld/gen_xpm_memory_fifo.inst_fifo/gen_mem_rep[0].inst_xpm_memory/xpm_memory_base_inst/gen_wr_a.gen_word_narrow.mem_reg_0_31_36_41/ADDRD0
    SLICE_X92Y94         RAMD32                                       r  design_1_i/smartconnect_0/inst/m12_nodes/m12_w_node/inst/inst_mi_handler/gen_normal_area.inst_fifo_node_payld/gen_xpm_memory_fifo.inst_fifo/gen_mem_rep[0].inst_xpm_memory/xpm_memory_base_inst/gen_wr_a.gen_word_narrow.mem_reg_0_31_36_41/RAMB/WADR0
  -------------------------------------------------------------------    -------------------

                         (clock clk_fpga_0 rise edge)
                                                      0.000     0.000 r  
    PS7_X0Y0             PS7                          0.000     0.000 r  design_1_i/processing_system7_0/inst/PS7_i/FCLKCLK[0]
                         net (fo=1, routed)           0.337     0.337    design_1_i/processing_system7_0/inst/FCLK_CLK_unbuffered[0]
    BUFGCTRL_X0Y16       BUFG (Prop_bufg_I_O)         0.029     0.366 r  design_1_i/processing_system7_0/inst/buffer_fclk_clk_0.FCLK_CLK_0_BUFG/O
                         net (fo=26834, routed)       0.876     1.242    design_1_i/smartconnect_0/inst/m12_nodes/m12_w_node/inst/inst_mi_handler/gen_normal_area.inst_fifo_node_payld/gen_xpm_memory_fifo.inst_fifo/gen_mem_rep[0].inst_xpm_memory/xpm_memory_base_inst/gen_wr_a.gen_word_narrow.mem_reg_0_31_36_41/WCLK
    SLICE_X92Y94         RAMD32                                       r  design_1_i/smartconnect_0/inst/m12_nodes/m12_w_node/inst/inst_mi_handler/gen_normal_area.inst_fifo_node_payld/gen_xpm_memory_fifo.inst_fifo/gen_mem_rep[0].inst_xpm_memory/xpm_memory_base_inst/gen_wr_a.gen_word_narrow.mem_reg_0_31_36_41/RAMB/CLK
                         clock pessimism             -0.287     0.955    
    SLICE_X92Y94         RAMD32 (Hold_ramd32_CLK_WADR0)
                                                      0.310     1.265    design_1_i/smartconnect_0/inst/m12_nodes/m12_w_node/inst/inst_mi_handler/gen_normal_area.inst_fifo_node_payld/gen_xpm_memory_fifo.inst_fifo/gen_mem_rep[0].inst_xpm_memory/xpm_memory_base_inst/gen_wr_a.gen_word_narrow.mem_reg_0_31_36_41/RAMB
  -------------------------------------------------------------------
                         required time                         -1.265    
                         arrival time                           1.289    
  -------------------------------------------------------------------
                         slack                                  0.024    

Slack (MET) :             0.024ns  (arrival time - required time)
  Source:                 design_1_i/smartconnect_0/inst/m12_nodes/m12_w_node/inst/inst_mi_handler/gen_normal_area.inst_fifo_node_payld/gen_xpm_memory_fifo.inst_fifo/gen_mem_rep[0].inst_wr_addra/count_r_reg[0]/C
                            (rising edge-triggered cell FDRE clocked by clk_fpga_0  {rise@0.000ns fall@5.000ns period=10.000ns})
  Destination:            design_1_i/smartconnect_0/inst/m12_nodes/m12_w_node/inst/inst_mi_handler/gen_normal_area.inst_fifo_node_payld/gen_xpm_memory_fifo.inst_fifo/gen_mem_rep[0].inst_xpm_memory/xpm_memory_base_inst/gen_wr_a.gen_word_narrow.mem_reg_0_31_36_41/RAMB_D1/WADR0
                            (rising edge-triggered cell RAMD32 clocked by clk_fpga_0  {rise@0.000ns fall@5.000ns period=10.000ns})
  Path Group:             clk_fpga_0
  Path Type:              Hold (Min at Fast Process Corner)
  Requirement:            0.000ns  (clk_fpga_0 rise@0.000ns - clk_fpga_0 rise@0.000ns)
  Data Path Delay:        0.347ns  (logic 0.141ns (40.599%)  route 0.206ns (59.401%))
  Logic Levels:           0  
  Clock Path Skew:        0.013ns (DCD - SCD - CPR)
    Destination Clock Delay (DCD):    1.242ns
    Source Clock Delay      (SCD):    0.942ns
    Clock Pessimism Removal (CPR):    0.287ns

    Location             Delay type                Incr(ns)  Path(ns)    Netlist Resource(s)
  -------------------------------------------------------------------    -------------------
                         (clock clk_fpga_0 rise edge)
                                                      0.000     0.000 r  
    PS7_X0Y0             PS7                          0.000     0.000 r  design_1_i/processing_system7_0/inst/PS7_i/FCLKCLK[0]
                         net (fo=1, routed)           0.310     0.310    design_1_i/processing_system7_0/inst/FCLK_CLK_unbuffered[0]
    BUFGCTRL_X0Y16       BUFG (Prop_bufg_I_O)         0.026     0.336 r  design_1_i/processing_system7_0/inst/buffer_fclk_clk_0.FCLK_CLK_0_BUFG/O
                         net (fo=26834, routed)       0.606     0.942    design_1_i/smartconnect_0/inst/m12_nodes/m12_w_node/inst/inst_mi_handler/gen_normal_area.inst_fifo_node_payld/gen_xpm_memory_fifo.inst_fifo/gen_mem_rep[0].inst_wr_addra/s_sc_aclk
    SLICE_X93Y94         FDRE                                         r  design_1_i/smartconnect_0/inst/m12_nodes/m12_w_node/inst/inst_mi_handler/gen_normal_area.inst_fifo_node_payld/gen_xpm_memory_fifo.inst_fifo/gen_mem_rep[0].inst_wr_addra/count_r_reg[0]/C
  -------------------------------------------------------------------    -------------------
    SLICE_X93Y94         FDRE (Prop_fdre_C_Q)         0.141     1.083 r  design_1_i/smartconnect_0/inst/m12_nodes/m12_w_node/inst/inst_mi_handler/gen_normal_area.inst_fifo_node_payld/gen_xpm_memory_fifo.inst_fifo/gen_mem_rep[0].inst_wr_addra/count_r_reg[0]/Q
                         net (fo=32, routed)          0.206     1.289    design_1_i/smartconnect_0/inst/m12_nodes/m12_w_node/inst/inst_mi_handler/gen_normal_area.inst_fifo_node_payld/gen_xpm_memory_fifo.inst_fifo/gen_mem_rep[0].inst_xpm_memory/xpm_memory_base_inst/gen_wr_a.gen_word_narrow.mem_reg_0_31_36_41/ADDRD0
    SLICE_X92Y94         RAMD32                                       r  design_1_i/smartconnect_0/inst/m12_nodes/m12_w_node/inst/inst_mi_handler/gen_normal_area.inst_fifo_node_payld/gen_xpm_memory_fifo.inst_fifo/gen_mem_rep[0].inst_xpm_memory/xpm_memory_base_inst/gen_wr_a.gen_word_narrow.mem_reg_0_31_36_41/RAMB_D1/WADR0
  -------------------------------------------------------------------    -------------------

                         (clock clk_fpga_0 rise edge)
                                                      0.000     0.000 r  
    PS7_X0Y0             PS7                          0.000     0.000 r  design_1_i/processing_system7_0/inst/PS7_i/FCLKCLK[0]
                         net (fo=1, routed)           0.337     0.337    design_1_i/processing_system7_0/inst/FCLK_CLK_unbuffered[0]
    BUFGCTRL_X0Y16       BUFG (Prop_bufg_I_O)         0.029     0.366 r  design_1_i/processing_system7_0/inst/buffer_fclk_clk_0.FCLK_CLK_0_BUFG/O
                         net (fo=26834, routed)       0.876     1.242    design_1_i/smartconnect_0/inst/m12_nodes/m12_w_node/inst/inst_mi_handler/gen_normal_area.inst_fifo_node_payld/gen_xpm_memory_fifo.inst_fifo/gen_mem_rep[0].inst_xpm_memory/xpm_memory_base_inst/gen_wr_a.gen_word_narrow.mem_reg_0_31_36_41/WCLK
    SLICE_X92Y94         RAMD32                                       r  design_1_i/smartconnect_0/inst/m12_nodes/m12_w_node/inst/inst_mi_handler/gen_normal_area.inst_fifo_node_payld/gen_xpm_memory_fifo.inst_fifo/gen_mem_rep[0].inst_xpm_memory/xpm_memory_base_inst/gen_wr_a.gen_word_narrow.mem_reg_0_31_36_41/RAMB_D1/CLK
                         clock pessimism             -0.287     0.955    
    SLICE_X92Y94         RAMD32 (Hold_ramd32_CLK_WADR0)
                                                      0.310     1.265    design_1_i/smartconnect_0/inst/m12_nodes/m12_w_node/inst/inst_mi_handler/gen_normal_area.inst_fifo_node_payld/gen_xpm_memory_fifo.inst_fifo/gen_mem_rep[0].inst_xpm_memory/xpm_memory_base_inst/gen_wr_a.gen_word_narrow.mem_reg_0_31_36_41/RAMB_D1
  -------------------------------------------------------------------
                         required time                         -1.265    
                         arrival time                           1.289    
  -------------------------------------------------------------------
                         slack                                  0.024    

Slack (MET) :             0.024ns  (arrival time - required time)
  Source:                 design_1_i/smartconnect_0/inst/m12_nodes/m12_w_node/inst/inst_mi_handler/gen_normal_area.inst_fifo_node_payld/gen_xpm_memory_fifo.inst_fifo/gen_mem_rep[0].inst_wr_addra/count_r_reg[0]/C
                            (rising edge-triggered cell FDRE clocked by clk_fpga_0  {rise@0.000ns fall@5.000ns period=10.000ns})
  Destination:            design_1_i/smartconnect_0/inst/m12_nodes/m12_w_node/inst/inst_mi_handler/gen_normal_area.inst_fifo_node_payld/gen_xpm_memory_fifo.inst_fifo/gen_mem_rep[0].inst_xpm_memory/xpm_memory_base_inst/gen_wr_a.gen_word_narrow.mem_reg_0_31_36_41/RAMC/WADR0
                            (rising edge-triggered cell RAMD32 clocked by clk_fpga_0  {rise@0.000ns fall@5.000ns period=10.000ns})
  Path Group:             clk_fpga_0
  Path Type:              Hold (Min at Fast Process Corner)
  Requirement:            0.000ns  (clk_fpga_0 rise@0.000ns - clk_fpga_0 rise@0.000ns)
  Data Path Delay:        0.347ns  (logic 0.141ns (40.599%)  route 0.206ns (59.401%))
  Logic Levels:           0  
  Clock Path Skew:        0.013ns (DCD - SCD - CPR)
    Destination Clock Delay (DCD):    1.242ns
    Source Clock Delay      (SCD):    0.942ns
    Clock Pessimism Removal (CPR):    0.287ns

    Location             Delay type                Incr(ns)  Path(ns)    Netlist Resource(s)
  -------------------------------------------------------------------    -------------------
                         (clock clk_fpga_0 rise edge)
                                                      0.000     0.000 r  
    PS7_X0Y0             PS7                          0.000     0.000 r  design_1_i/processing_system7_0/inst/PS7_i/FCLKCLK[0]
                         net (fo=1, routed)           0.310     0.310    design_1_i/processing_system7_0/inst/FCLK_CLK_unbuffered[0]
    BUFGCTRL_X0Y16       BUFG (Prop_bufg_I_O)         0.026     0.336 r  design_1_i/processing_system7_0/inst/buffer_fclk_clk_0.FCLK_CLK_0_BUFG/O
                         net (fo=26834, routed)       0.606     0.942    design_1_i/smartconnect_0/inst/m12_nodes/m12_w_node/inst/inst_mi_handler/gen_normal_area.inst_fifo_node_payld/gen_xpm_memory_fifo.inst_fifo/gen_mem_rep[0].inst_wr_addra/s_sc_aclk
    SLICE_X93Y94         FDRE                                         r  design_1_i/smartconnect_0/inst/m12_nodes/m12_w_node/inst/inst_mi_handler/gen_normal_area.inst_fifo_node_payld/gen_xpm_memory_fifo.inst_fifo/gen_mem_rep[0].inst_wr_addra/count_r_reg[0]/C
  -------------------------------------------------------------------    -------------------
    SLICE_X93Y94         FDRE (Prop_fdre_C_Q)         0.141     1.083 r  design_1_i/smartconnect_0/inst/m12_nodes/m12_w_node/inst/inst_mi_handler/gen_normal_area.inst_fifo_node_payld/gen_xpm_memory_fifo.inst_fifo/gen_mem_rep[0].inst_wr_addra/count_r_reg[0]/Q
                         net (fo=32, routed)          0.206     1.289    design_1_i/smartconnect_0/inst/m12_nodes/m12_w_node/inst/inst_mi_handler/gen_normal_area.inst_fifo_node_payld/gen_xpm_memory_fifo.inst_fifo/gen_mem_rep[0].inst_xpm_memory/xpm_memory_base_inst/gen_wr_a.gen_word_narrow.mem_reg_0_31_36_41/ADDRD0
    SLICE_X92Y94         RAMD32                                       r  design_1_i/smartconnect_0/inst/m12_nodes/m12_w_node/inst/inst_mi_handler/gen_normal_area.inst_fifo_node_payld/gen_xpm_memory_fifo.inst_fifo/gen_mem_rep[0].inst_xpm_memory/xpm_memory_base_inst/gen_wr_a.gen_word_narrow.mem_reg_0_31_36_41/RAMC/WADR0
  -------------------------------------------------------------------    -------------------

                         (clock clk_fpga_0 rise edge)
                                                      0.000     0.000 r  
    PS7_X0Y0             PS7                          0.000     0.000 r  design_1_i/processing_system7_0/inst/PS7_i/FCLKCLK[0]
                         net (fo=1, routed)           0.337     0.337    design_1_i/processing_system7_0/inst/FCLK_CLK_unbuffered[0]
    BUFGCTRL_X0Y16       BUFG (Prop_bufg_I_O)         0.029     0.366 r  design_1_i/processing_system7_0/inst/buffer_fclk_clk_0.FCLK_CLK_0_BUFG/O
                         net (fo=26834, routed)       0.876     1.242    design_1_i/smartconnect_0/inst/m12_nodes/m12_w_node/inst/inst_mi_handler/gen_normal_area.inst_fifo_node_payld/gen_xpm_memory_fifo.inst_fifo/gen_mem_rep[0].inst_xpm_memory/xpm_memory_base_inst/gen_wr_a.gen_word_narrow.mem_reg_0_31_36_41/WCLK
    SLICE_X92Y94         RAMD32                                       r  design_1_i/smartconnect_0/inst/m12_nodes/m12_w_node/inst/inst_mi_handler/gen_normal_area.inst_fifo_node_payld/gen_xpm_memory_fifo.inst_fifo/gen_mem_rep[0].inst_xpm_memory/xpm_memory_base_inst/gen_wr_a.gen_word_narrow.mem_reg_0_31_36_41/RAMC/CLK
                         clock pessimism             -0.287     0.955    
    SLICE_X92Y94         RAMD32 (Hold_ramd32_CLK_WADR0)
                                                      0.310     1.265    design_1_i/smartconnect_0/inst/m12_nodes/m12_w_node/inst/inst_mi_handler/gen_normal_area.inst_fifo_node_payld/gen_xpm_memory_fifo.inst_fifo/gen_mem_rep[0].inst_xpm_memory/xpm_memory_base_inst/gen_wr_a.gen_word_narrow.mem_reg_0_31_36_41/RAMC
  -------------------------------------------------------------------
                         required time                         -1.265    
                         arrival time                           1.289    
  -------------------------------------------------------------------
                         slack                                  0.024    

Slack (MET) :             0.024ns  (arrival time - required time)
  Source:                 design_1_i/smartconnect_0/inst/m12_nodes/m12_w_node/inst/inst_mi_handler/gen_normal_area.inst_fifo_node_payld/gen_xpm_memory_fifo.inst_fifo/gen_mem_rep[0].inst_wr_addra/count_r_reg[0]/C
                            (rising edge-triggered cell FDRE clocked by clk_fpga_0  {rise@0.000ns fall@5.000ns period=10.000ns})
  Destination:            design_1_i/smartconnect_0/inst/m12_nodes/m12_w_node/inst/inst_mi_handler/gen_normal_area.inst_fifo_node_payld/gen_xpm_memory_fifo.inst_fifo/gen_mem_rep[0].inst_xpm_memory/xpm_memory_base_inst/gen_wr_a.gen_word_narrow.mem_reg_0_31_36_41/RAMC_D1/WADR0
                            (rising edge-triggered cell RAMD32 clocked by clk_fpga_0  {rise@0.000ns fall@5.000ns period=10.000ns})
  Path Group:             clk_fpga_0
  Path Type:              Hold (Min at Fast Process Corner)
  Requirement:            0.000ns  (clk_fpga_0 rise@0.000ns - clk_fpga_0 rise@0.000ns)
  Data Path Delay:        0.347ns  (logic 0.141ns (40.599%)  route 0.206ns (59.401%))
  Logic Levels:           0  
  Clock Path Skew:        0.013ns (DCD - SCD - CPR)
    Destination Clock Delay (DCD):    1.242ns
    Source Clock Delay      (SCD):    0.942ns
    Clock Pessimism Removal (CPR):    0.287ns

    Location             Delay type                Incr(ns)  Path(ns)    Netlist Resource(s)
  -------------------------------------------------------------------    -------------------
                         (clock clk_fpga_0 rise edge)
                                                      0.000     0.000 r  
    PS7_X0Y0             PS7                          0.000     0.000 r  design_1_i/processing_system7_0/inst/PS7_i/FCLKCLK[0]
                         net (fo=1, routed)           0.310     0.310    design_1_i/processing_system7_0/inst/FCLK_CLK_unbuffered[0]
    BUFGCTRL_X0Y16       BUFG (Prop_bufg_I_O)         0.026     0.336 r  design_1_i/processing_system7_0/inst/buffer_fclk_clk_0.FCLK_CLK_0_BUFG/O
                         net (fo=26834, routed)       0.606     0.942    design_1_i/smartconnect_0/inst/m12_nodes/m12_w_node/inst/inst_mi_handler/gen_normal_area.inst_fifo_node_payld/gen_xpm_memory_fifo.inst_fifo/gen_mem_rep[0].inst_wr_addra/s_sc_aclk
    SLICE_X93Y94         FDRE                                         r  design_1_i/smartconnect_0/inst/m12_nodes/m12_w_node/inst/inst_mi_handler/gen_normal_area.inst_fifo_node_payld/gen_xpm_memory_fifo.inst_fifo/gen_mem_rep[0].inst_wr_addra/count_r_reg[0]/C
  -------------------------------------------------------------------    -------------------
    SLICE_X93Y94         FDRE (Prop_fdre_C_Q)         0.141     1.083 r  design_1_i/smartconnect_0/inst/m12_nodes/m12_w_node/inst/inst_mi_handler/gen_normal_area.inst_fifo_node_payld/gen_xpm_memory_fifo.inst_fifo/gen_mem_rep[0].inst_wr_addra/count_r_reg[0]/Q
                         net (fo=32, routed)          0.206     1.289    design_1_i/smartconnect_0/inst/m12_nodes/m12_w_node/inst/inst_mi_handler/gen_normal_area.inst_fifo_node_payld/gen_xpm_memory_fifo.inst_fifo/gen_mem_rep[0].inst_xpm_memory/xpm_memory_base_inst/gen_wr_a.gen_word_narrow.mem_reg_0_31_36_41/ADDRD0
    SLICE_X92Y94         RAMD32                                       r  design_1_i/smartconnect_0/inst/m12_nodes/m12_w_node/inst/inst_mi_handler/gen_normal_area.inst_fifo_node_payld/gen_xpm_memory_fifo.inst_fifo/gen_mem_rep[0].inst_xpm_memory/xpm_memory_base_inst/gen_wr_a.gen_word_narrow.mem_reg_0_31_36_41/RAMC_D1/WADR0
  -------------------------------------------------------------------    -------------------

                         (clock clk_fpga_0 rise edge)
                                                      0.000     0.000 r  
    PS7_X0Y0             PS7                          0.000     0.000 r  design_1_i/processing_system7_0/inst/PS7_i/FCLKCLK[0]
                         net (fo=1, routed)           0.337     0.337    design_1_i/processing_system7_0/inst/FCLK_CLK_unbuffered[0]
    BUFGCTRL_X0Y16       BUFG (Prop_bufg_I_O)         0.029     0.366 r  design_1_i/processing_system7_0/inst/buffer_fclk_clk_0.FCLK_CLK_0_BUFG/O
                         net (fo=26834, routed)       0.876     1.242    design_1_i/smartconnect_0/inst/m12_nodes/m12_w_node/inst/inst_mi_handler/gen_normal_area.inst_fifo_node_payld/gen_xpm_memory_fifo.inst_fifo/gen_mem_rep[0].inst_xpm_memory/xpm_memory_base_inst/gen_wr_a.gen_word_narrow.mem_reg_0_31_36_41/WCLK
    SLICE_X92Y94         RAMD32                                       r  design_1_i/smartconnect_0/inst/m12_nodes/m12_w_node/inst/inst_mi_handler/gen_normal_area.inst_fifo_node_payld/gen_xpm_memory_fifo.inst_fifo/gen_mem_rep[0].inst_xpm_memory/xpm_memory_base_inst/gen_wr_a.gen_word_narrow.mem_reg_0_31_36_41/RAMC_D1/CLK
                         clock pessimism             -0.287     0.955    
    SLICE_X92Y94         RAMD32 (Hold_ramd32_CLK_WADR0)
                                                      0.310     1.265    design_1_i/smartconnect_0/inst/m12_nodes/m12_w_node/inst/inst_mi_handler/gen_normal_area.inst_fifo_node_payld/gen_xpm_memory_fifo.inst_fifo/gen_mem_rep[0].inst_xpm_memory/xpm_memory_base_inst/gen_wr_a.gen_word_narrow.mem_reg_0_31_36_41/RAMC_D1
  -------------------------------------------------------------------
                         required time                         -1.265    
                         arrival time                           1.289    
  -------------------------------------------------------------------
                         slack                                  0.024    

Slack (MET) :             0.024ns  (arrival time - required time)
  Source:                 design_1_i/smartconnect_0/inst/m12_nodes/m12_w_node/inst/inst_mi_handler/gen_normal_area.inst_fifo_node_payld/gen_xpm_memory_fifo.inst_fifo/gen_mem_rep[0].inst_wr_addra/count_r_reg[0]/C
                            (rising edge-triggered cell FDRE clocked by clk_fpga_0  {rise@0.000ns fall@5.000ns period=10.000ns})
  Destination:            design_1_i/smartconnect_0/inst/m12_nodes/m12_w_node/inst/inst_mi_handler/gen_normal_area.inst_fifo_node_payld/gen_xpm_memory_fifo.inst_fifo/gen_mem_rep[0].inst_xpm_memory/xpm_memory_base_inst/gen_wr_a.gen_word_narrow.mem_reg_0_31_36_41/RAMD/ADR0
                            (rising edge-triggered cell RAMS32 clocked by clk_fpga_0  {rise@0.000ns fall@5.000ns period=10.000ns})
  Path Group:             clk_fpga_0
  Path Type:              Hold (Min at Fast Process Corner)
  Requirement:            0.000ns  (clk_fpga_0 rise@0.000ns - clk_fpga_0 rise@0.000ns)
  Data Path Delay:        0.347ns  (logic 0.141ns (40.599%)  route 0.206ns (59.401%))
  Logic Levels:           0  
  Clock Path Skew:        0.013ns (DCD - SCD - CPR)
    Destination Clock Delay (DCD):    1.242ns
    Source Clock Delay      (SCD):    0.942ns
    Clock Pessimism Removal (CPR):    0.287ns

    Location             Delay type                Incr(ns)  Path(ns)    Netlist Resource(s)
  -------------------------------------------------------------------    -------------------
                         (clock clk_fpga_0 rise edge)
                                                      0.000     0.000 r  
    PS7_X0Y0             PS7                          0.000     0.000 r  design_1_i/processing_system7_0/inst/PS7_i/FCLKCLK[0]
                         net (fo=1, routed)           0.310     0.310    design_1_i/processing_system7_0/inst/FCLK_CLK_unbuffered[0]
    BUFGCTRL_X0Y16       BUFG (Prop_bufg_I_O)         0.026     0.336 r  design_1_i/processing_system7_0/inst/buffer_fclk_clk_0.FCLK_CLK_0_BUFG/O
                         net (fo=26834, routed)       0.606     0.942    design_1_i/smartconnect_0/inst/m12_nodes/m12_w_node/inst/inst_mi_handler/gen_normal_area.inst_fifo_node_payld/gen_xpm_memory_fifo.inst_fifo/gen_mem_rep[0].inst_wr_addra/s_sc_aclk
    SLICE_X93Y94         FDRE                                         r  design_1_i/smartconnect_0/inst/m12_nodes/m12_w_node/inst/inst_mi_handler/gen_normal_area.inst_fifo_node_payld/gen_xpm_memory_fifo.inst_fifo/gen_mem_rep[0].inst_wr_addra/count_r_reg[0]/C
  -------------------------------------------------------------------    -------------------
    SLICE_X93Y94         FDRE (Prop_fdre_C_Q)         0.141     1.083 r  design_1_i/smartconnect_0/inst/m12_nodes/m12_w_node/inst/inst_mi_handler/gen_normal_area.inst_fifo_node_payld/gen_xpm_memory_fifo.inst_fifo/gen_mem_rep[0].inst_wr_addra/count_r_reg[0]/Q
                         net (fo=32, routed)          0.206     1.289    design_1_i/smartconnect_0/inst/m12_nodes/m12_w_node/inst/inst_mi_handler/gen_normal_area.inst_fifo_node_payld/gen_xpm_memory_fifo.inst_fifo/gen_mem_rep[0].inst_xpm_memory/xpm_memory_base_inst/gen_wr_a.gen_word_narrow.mem_reg_0_31_36_41/ADDRD0
    SLICE_X92Y94         RAMS32                                       r  design_1_i/smartconnect_0/inst/m12_nodes/m12_w_node/inst/inst_mi_handler/gen_normal_area.inst_fifo_node_payld/gen_xpm_memory_fifo.inst_fifo/gen_mem_rep[0].inst_xpm_memory/xpm_memory_base_inst/gen_wr_a.gen_word_narrow.mem_reg_0_31_36_41/RAMD/ADR0
  -------------------------------------------------------------------    -------------------

                         (clock clk_fpga_0 rise edge)
                                                      0.000     0.000 r  
    PS7_X0Y0             PS7                          0.000     0.000 r  design_1_i/processing_system7_0/inst/PS7_i/FCLKCLK[0]
                         net (fo=1, routed)           0.337     0.337    design_1_i/processing_system7_0/inst/FCLK_CLK_unbuffered[0]
    BUFGCTRL_X0Y16       BUFG (Prop_bufg_I_O)         0.029     0.366 r  design_1_i/processing_system7_0/inst/buffer_fclk_clk_0.FCLK_CLK_0_BUFG/O
                         net (fo=26834, routed)       0.876     1.242    design_1_i/smartconnect_0/inst/m12_nodes/m12_w_node/inst/inst_mi_handler/gen_normal_area.inst_fifo_node_payld/gen_xpm_memory_fifo.inst_fifo/gen_mem_rep[0].inst_xpm_memory/xpm_memory_base_inst/gen_wr_a.gen_word_narrow.mem_reg_0_31_36_41/WCLK
    SLICE_X92Y94         RAMS32                                       r  design_1_i/smartconnect_0/inst/m12_nodes/m12_w_node/inst/inst_mi_handler/gen_normal_area.inst_fifo_node_payld/gen_xpm_memory_fifo.inst_fifo/gen_mem_rep[0].inst_xpm_memory/xpm_memory_base_inst/gen_wr_a.gen_word_narrow.mem_reg_0_31_36_41/RAMD/CLK
                         clock pessimism             -0.287     0.955    
    SLICE_X92Y94         RAMS32 (Hold_rams32_CLK_ADR0)
                                                      0.310     1.265    design_1_i/smartconnect_0/inst/m12_nodes/m12_w_node/inst/inst_mi_handler/gen_normal_area.inst_fifo_node_payld/gen_xpm_memory_fifo.inst_fifo/gen_mem_rep[0].inst_xpm_memory/xpm_memory_base_inst/gen_wr_a.gen_word_narrow.mem_reg_0_31_36_41/RAMD
  -------------------------------------------------------------------
                         required time                         -1.265    
                         arrival time                           1.289    
  -------------------------------------------------------------------
                         slack                                  0.024    





Pulse Width Checks
--------------------------------------------------------------------------------------
Clock Name:         clk_fpga_0
Waveform(ns):       { 0.000 5.000 }
Period(ns):         10.000
Sources:            { design_1_i/processing_system7_0/inst/PS7_i/FCLKCLK[0] }

Check Type        Corner  Lib Pin             Reference Pin  Required(ns)  Actual(ns)  Slack(ns)  Location      Pin
Min Period        n/a     RAMB36E1/CLKARDCLK  n/a            2.944         10.000      7.056      RAMB36_X1Y7   design_1_i/top_0/inst/u_cnn_fsm/gen_conv2_result[0].u_sram_conv2_result/mem_reg/CLKARDCLK
Min Period        n/a     RAMB36E1/CLKBWRCLK  n/a            2.944         10.000      7.056      RAMB36_X1Y7   design_1_i/top_0/inst/u_cnn_fsm/gen_conv2_result[0].u_sram_conv2_result/mem_reg/CLKBWRCLK
Min Period        n/a     RAMB36E1/CLKARDCLK  n/a            2.944         10.000      7.056      RAMB36_X2Y3   design_1_i/top_0/inst/u_cnn_fsm/gen_conv2_result[10].u_sram_conv2_result/mem_reg/CLKARDCLK
Min Period        n/a     RAMB36E1/CLKBWRCLK  n/a            2.944         10.000      7.056      RAMB36_X2Y3   design_1_i/top_0/inst/u_cnn_fsm/gen_conv2_result[10].u_sram_conv2_result/mem_reg/CLKBWRCLK
Min Period        n/a     RAMB36E1/CLKARDCLK  n/a            2.944         10.000      7.056      RAMB36_X2Y4   design_1_i/top_0/inst/u_cnn_fsm/gen_conv2_result[11].u_sram_conv2_result/mem_reg/CLKARDCLK
Min Period        n/a     RAMB36E1/CLKBWRCLK  n/a            2.944         10.000      7.056      RAMB36_X2Y4   design_1_i/top_0/inst/u_cnn_fsm/gen_conv2_result[11].u_sram_conv2_result/mem_reg/CLKBWRCLK
Min Period        n/a     RAMB36E1/CLKARDCLK  n/a            2.944         10.000      7.056      RAMB36_X1Y3   design_1_i/top_0/inst/u_cnn_fsm/gen_conv2_result[12].u_sram_conv2_result/mem_reg/CLKARDCLK
Min Period        n/a     RAMB36E1/CLKBWRCLK  n/a            2.944         10.000      7.056      RAMB36_X1Y3   design_1_i/top_0/inst/u_cnn_fsm/gen_conv2_result[12].u_sram_conv2_result/mem_reg/CLKBWRCLK
Min Period        n/a     RAMB36E1/CLKARDCLK  n/a            2.944         10.000      7.056      RAMB36_X1Y2   design_1_i/top_0/inst/u_cnn_fsm/gen_conv2_result[13].u_sram_conv2_result/mem_reg/CLKARDCLK
Min Period        n/a     RAMB36E1/CLKBWRCLK  n/a            2.944         10.000      7.056      RAMB36_X1Y2   design_1_i/top_0/inst/u_cnn_fsm/gen_conv2_result[13].u_sram_conv2_result/mem_reg/CLKBWRCLK
Low Pulse Width   Slow    RAMD32/CLK          n/a            1.250         5.000       3.750      SLICE_X54Y90  design_1_i/smartconnect_0/inst/m00_nodes/m00_ar_node/inst/inst_mi_handler/gen_normal_area.inst_fifo_node_payld/gen_xpm_memory_fifo.inst_fifo/gen_mem_rep[0].inst_xpm_memory/xpm_memory_base_inst/gen_wr_a.gen_word_narrow.mem_reg_0_31_102_107/RAMA/CLK
Low Pulse Width   Fast    RAMD32/CLK          n/a            1.250         5.000       3.750      SLICE_X54Y90  design_1_i/smartconnect_0/inst/m00_nodes/m00_ar_node/inst/inst_mi_handler/gen_normal_area.inst_fifo_node_payld/gen_xpm_memory_fifo.inst_fifo/gen_mem_rep[0].inst_xpm_memory/xpm_memory_base_inst/gen_wr_a.gen_word_narrow.mem_reg_0_31_102_107/RAMA/CLK
Low Pulse Width   Slow    RAMD32/CLK          n/a            1.250         5.000       3.750      SLICE_X54Y90  design_1_i/smartconnect_0/inst/m00_nodes/m00_ar_node/inst/inst_mi_handler/gen_normal_area.inst_fifo_node_payld/gen_xpm_memory_fifo.inst_fifo/gen_mem_rep[0].inst_xpm_memory/xpm_memory_base_inst/gen_wr_a.gen_word_narrow.mem_reg_0_31_102_107/RAMA_D1/CLK
Low Pulse Width   Fast    RAMD32/CLK          n/a            1.250         5.000       3.750      SLICE_X54Y90  design_1_i/smartconnect_0/inst/m00_nodes/m00_ar_node/inst/inst_mi_handler/gen_normal_area.inst_fifo_node_payld/gen_xpm_memory_fifo.inst_fifo/gen_mem_rep[0].inst_xpm_memory/xpm_memory_base_inst/gen_wr_a.gen_word_narrow.mem_reg_0_31_102_107/RAMA_D1/CLK
Low Pulse Width   Slow    RAMD32/CLK          n/a            1.250         5.000       3.750      SLICE_X54Y90  design_1_i/smartconnect_0/inst/m00_nodes/m00_ar_node/inst/inst_mi_handler/gen_normal_area.inst_fifo_node_payld/gen_xpm_memory_fifo.inst_fifo/gen_mem_rep[0].inst_xpm_memory/xpm_memory_base_inst/gen_wr_a.gen_word_narrow.mem_reg_0_31_102_107/RAMB/CLK
Low Pulse Width   Fast    RAMD32/CLK          n/a            1.250         5.000       3.750      SLICE_X54Y90  design_1_i/smartconnect_0/inst/m00_nodes/m00_ar_node/inst/inst_mi_handler/gen_normal_area.inst_fifo_node_payld/gen_xpm_memory_fifo.inst_fifo/gen_mem_rep[0].inst_xpm_memory/xpm_memory_base_inst/gen_wr_a.gen_word_narrow.mem_reg_0_31_102_107/RAMB/CLK
Low Pulse Width   Slow    RAMD32/CLK          n/a            1.250         5.000       3.750      SLICE_X54Y90  design_1_i/smartconnect_0/inst/m00_nodes/m00_ar_node/inst/inst_mi_handler/gen_normal_area.inst_fifo_node_payld/gen_xpm_memory_fifo.inst_fifo/gen_mem_rep[0].inst_xpm_memory/xpm_memory_base_inst/gen_wr_a.gen_word_narrow.mem_reg_0_31_102_107/RAMB_D1/CLK
Low Pulse Width   Fast    RAMD32/CLK          n/a            1.250         5.000       3.750      SLICE_X54Y90  design_1_i/smartconnect_0/inst/m00_nodes/m00_ar_node/inst/inst_mi_handler/gen_normal_area.inst_fifo_node_payld/gen_xpm_memory_fifo.inst_fifo/gen_mem_rep[0].inst_xpm_memory/xpm_memory_base_inst/gen_wr_a.gen_word_narrow.mem_reg_0_31_102_107/RAMB_D1/CLK
Low Pulse Width   Slow    RAMD32/CLK          n/a            1.250         5.000       3.750      SLICE_X54Y90  design_1_i/smartconnect_0/inst/m00_nodes/m00_ar_node/inst/inst_mi_handler/gen_normal_area.inst_fifo_node_payld/gen_xpm_memory_fifo.inst_fifo/gen_mem_rep[0].inst_xpm_memory/xpm_memory_base_inst/gen_wr_a.gen_word_narrow.mem_reg_0_31_102_107/RAMC/CLK
Low Pulse Width   Fast    RAMD32/CLK          n/a            1.250         5.000       3.750      SLICE_X54Y90  design_1_i/smartconnect_0/inst/m00_nodes/m00_ar_node/inst/inst_mi_handler/gen_normal_area.inst_fifo_node_payld/gen_xpm_memory_fifo.inst_fifo/gen_mem_rep[0].inst_xpm_memory/xpm_memory_base_inst/gen_wr_a.gen_word_narrow.mem_reg_0_31_102_107/RAMC/CLK
High Pulse Width  Slow    RAMD32/CLK          n/a            1.250         5.000       3.750      SLICE_X54Y90  design_1_i/smartconnect_0/inst/m00_nodes/m00_ar_node/inst/inst_mi_handler/gen_normal_area.inst_fifo_node_payld/gen_xpm_memory_fifo.inst_fifo/gen_mem_rep[0].inst_xpm_memory/xpm_memory_base_inst/gen_wr_a.gen_word_narrow.mem_reg_0_31_102_107/RAMA/CLK
High Pulse Width  Fast    RAMD32/CLK          n/a            1.250         5.000       3.750      SLICE_X54Y90  design_1_i/smartconnect_0/inst/m00_nodes/m00_ar_node/inst/inst_mi_handler/gen_normal_area.inst_fifo_node_payld/gen_xpm_memory_fifo.inst_fifo/gen_mem_rep[0].inst_xpm_memory/xpm_memory_base_inst/gen_wr_a.gen_word_narrow.mem_reg_0_31_102_107/RAMA/CLK
High Pulse Width  Slow    RAMD32/CLK          n/a            1.250         5.000       3.750      SLICE_X54Y90  design_1_i/smartconnect_0/inst/m00_nodes/m00_ar_node/inst/inst_mi_handler/gen_normal_area.inst_fifo_node_payld/gen_xpm_memory_fifo.inst_fifo/gen_mem_rep[0].inst_xpm_memory/xpm_memory_base_inst/gen_wr_a.gen_word_narrow.mem_reg_0_31_102_107/RAMA_D1/CLK
High Pulse Width  Fast    RAMD32/CLK          n/a            1.250         5.000       3.750      SLICE_X54Y90  design_1_i/smartconnect_0/inst/m00_nodes/m00_ar_node/inst/inst_mi_handler/gen_normal_area.inst_fifo_node_payld/gen_xpm_memory_fifo.inst_fifo/gen_mem_rep[0].inst_xpm_memory/xpm_memory_base_inst/gen_wr_a.gen_word_narrow.mem_reg_0_31_102_107/RAMA_D1/CLK
High Pulse Width  Slow    RAMD32/CLK          n/a            1.250         5.000       3.750      SLICE_X54Y90  design_1_i/smartconnect_0/inst/m00_nodes/m00_ar_node/inst/inst_mi_handler/gen_normal_area.inst_fifo_node_payld/gen_xpm_memory_fifo.inst_fifo/gen_mem_rep[0].inst_xpm_memory/xpm_memory_base_inst/gen_wr_a.gen_word_narrow.mem_reg_0_31_102_107/RAMB/CLK
High Pulse Width  Fast    RAMD32/CLK          n/a            1.250         5.000       3.750      SLICE_X54Y90  design_1_i/smartconnect_0/inst/m00_nodes/m00_ar_node/inst/inst_mi_handler/gen_normal_area.inst_fifo_node_payld/gen_xpm_memory_fifo.inst_fifo/gen_mem_rep[0].inst_xpm_memory/xpm_memory_base_inst/gen_wr_a.gen_word_narrow.mem_reg_0_31_102_107/RAMB/CLK
High Pulse Width  Slow    RAMD32/CLK          n/a            1.250         5.000       3.750      SLICE_X54Y90  design_1_i/smartconnect_0/inst/m00_nodes/m00_ar_node/inst/inst_mi_handler/gen_normal_area.inst_fifo_node_payld/gen_xpm_memory_fifo.inst_fifo/gen_mem_rep[0].inst_xpm_memory/xpm_memory_base_inst/gen_wr_a.gen_word_narrow.mem_reg_0_31_102_107/RAMB_D1/CLK
High Pulse Width  Fast    RAMD32/CLK          n/a            1.250         5.000       3.750      SLICE_X54Y90  design_1_i/smartconnect_0/inst/m00_nodes/m00_ar_node/inst/inst_mi_handler/gen_normal_area.inst_fifo_node_payld/gen_xpm_memory_fifo.inst_fifo/gen_mem_rep[0].inst_xpm_memory/xpm_memory_base_inst/gen_wr_a.gen_word_narrow.mem_reg_0_31_102_107/RAMB_D1/CLK
High Pulse Width  Slow    RAMD32/CLK          n/a            1.250         5.000       3.750      SLICE_X54Y90  design_1_i/smartconnect_0/inst/m00_nodes/m00_ar_node/inst/inst_mi_handler/gen_normal_area.inst_fifo_node_payld/gen_xpm_memory_fifo.inst_fifo/gen_mem_rep[0].inst_xpm_memory/xpm_memory_base_inst/gen_wr_a.gen_word_narrow.mem_reg_0_31_102_107/RAMC/CLK
High Pulse Width  Fast    RAMD32/CLK          n/a            1.250         5.000       3.750      SLICE_X54Y90  design_1_i/smartconnect_0/inst/m00_nodes/m00_ar_node/inst/inst_mi_handler/gen_normal_area.inst_fifo_node_payld/gen_xpm_memory_fifo.inst_fifo/gen_mem_rep[0].inst_xpm_memory/xpm_memory_base_inst/gen_wr_a.gen_word_narrow.mem_reg_0_31_102_107/RAMC/CLK



---------------------------------------------------------------------------------------------------
Path Group:  **async_default**
From Clock:  clk_fpga_0
  To Clock:  clk_fpga_0

Setup :            0  Failing Endpoints,  Worst Slack        1.733ns,  Total Violation        0.000ns
Hold  :            0  Failing Endpoints,  Worst Slack        1.013ns,  Total Violation        0.000ns
---------------------------------------------------------------------------------------------------


Max Delay Paths
--------------------------------------------------------------------------------------
Slack (MET) :             1.733ns  (required time - arrival time)
  Source:                 design_1_i/rst_ps7_0_100M/U0/ACTIVE_LOW_PR_OUT_DFF[0].FDRE_PER_N/C
                            (rising edge-triggered cell FDRE clocked by clk_fpga_0  {rise@0.000ns fall@5.000ns period=10.000ns})
  Destination:            design_1_i/top_0/inst/u_cnn_fsm/u_conv1/gen_filter[7].u_filter/weight7_reg[4]/CLR
                            (recovery check against rising-edge clock clk_fpga_0  {rise@0.000ns fall@5.000ns period=10.000ns})
  Path Group:             **async_default**
  Path Type:              Recovery (Max at Slow Process Corner)
  Requirement:            10.000ns  (clk_fpga_0 rise@10.000ns - clk_fpga_0 rise@0.000ns)
  Data Path Delay:        7.358ns  (logic 0.580ns (7.882%)  route 6.778ns (92.118%))
  Logic Levels:           1  (LUT1=1)
  Clock Path Skew:        -0.394ns (DCD - SCD + CPR)
    Destination Clock Delay (DCD):    2.758ns = ( 12.759 - 10.000 ) 
    Source Clock Delay      (SCD):    3.267ns
    Clock Pessimism Removal (CPR):    0.115ns
  Clock Uncertainty:      0.154ns  ((TSJ^2 + TIJ^2)^1/2 + DJ) / 2 + PE
    Total System Jitter     (TSJ):    0.071ns
    Total Input Jitter      (TIJ):    0.300ns
    Discrete Jitter          (DJ):    0.000ns
    Phase Error              (PE):    0.000ns

    Location             Delay type                Incr(ns)  Path(ns)    Netlist Resource(s)
  -------------------------------------------------------------------    -------------------
                         (clock clk_fpga_0 rise edge)
                                                      0.000     0.000 r  
    PS7_X0Y0             PS7                          0.000     0.000 r  design_1_i/processing_system7_0/inst/PS7_i/FCLKCLK[0]
                         net (fo=1, routed)           1.193     1.193    design_1_i/processing_system7_0/inst/FCLK_CLK_unbuffered[0]
    BUFGCTRL_X0Y16       BUFG (Prop_bufg_I_O)         0.101     1.294 r  design_1_i/processing_system7_0/inst/buffer_fclk_clk_0.FCLK_CLK_0_BUFG/O
                         net (fo=26834, routed)       1.973     3.267    design_1_i/rst_ps7_0_100M/U0/slowest_sync_clk
    SLICE_X101Y137       FDRE                                         r  design_1_i/rst_ps7_0_100M/U0/ACTIVE_LOW_PR_OUT_DFF[0].FDRE_PER_N/C
  -------------------------------------------------------------------    -------------------
    SLICE_X101Y137       FDRE (Prop_fdre_C_Q)         0.456     3.723 r  design_1_i/rst_ps7_0_100M/U0/ACTIVE_LOW_PR_OUT_DFF[0].FDRE_PER_N/Q
                         net (fo=194, routed)         1.444     5.167    design_1_i/top_0/inst/u_cnn_fsm/u_conv2/gen_channel[7].u_slide/resetn
    SLICE_X91Y105        LUT1 (Prop_lut1_I0_O)        0.124     5.291 f  design_1_i/top_0/inst/u_cnn_fsm/u_conv2/gen_channel[7].u_slide/argmax_out[3]_i_2/O
                         net (fo=8772, routed)        5.335    10.625    design_1_i/top_0/inst/u_cnn_fsm/u_conv1/gen_filter[7].u_filter/count_reg[3]_0
    SLICE_X20Y3          FDCE                                         f  design_1_i/top_0/inst/u_cnn_fsm/u_conv1/gen_filter[7].u_filter/weight7_reg[4]/CLR
  -------------------------------------------------------------------    -------------------

                         (clock clk_fpga_0 rise edge)
                                                     10.000    10.000 r  
    PS7_X0Y0             PS7                          0.000    10.000 r  design_1_i/processing_system7_0/inst/PS7_i/FCLKCLK[0]
                         net (fo=1, routed)           1.088    11.088    design_1_i/processing_system7_0/inst/FCLK_CLK_unbuffered[0]
    BUFGCTRL_X0Y16       BUFG (Prop_bufg_I_O)         0.091    11.179 r  design_1_i/processing_system7_0/inst/buffer_fclk_clk_0.FCLK_CLK_0_BUFG/O
                         net (fo=26834, routed)       1.579    12.759    design_1_i/top_0/inst/u_cnn_fsm/u_conv1/gen_filter[7].u_filter/clk
    SLICE_X20Y3          FDCE                                         r  design_1_i/top_0/inst/u_cnn_fsm/u_conv1/gen_filter[7].u_filter/weight7_reg[4]/C
                         clock pessimism              0.115    12.873    
                         clock uncertainty           -0.154    12.719    
    SLICE_X20Y3          FDCE (Recov_fdce_C_CLR)     -0.361    12.358    design_1_i/top_0/inst/u_cnn_fsm/u_conv1/gen_filter[7].u_filter/weight7_reg[4]
  -------------------------------------------------------------------
                         required time                         12.358    
                         arrival time                         -10.625    
  -------------------------------------------------------------------
                         slack                                  1.733    

Slack (MET) :             1.733ns  (required time - arrival time)
  Source:                 design_1_i/rst_ps7_0_100M/U0/ACTIVE_LOW_PR_OUT_DFF[0].FDRE_PER_N/C
                            (rising edge-triggered cell FDRE clocked by clk_fpga_0  {rise@0.000ns fall@5.000ns period=10.000ns})
  Destination:            design_1_i/top_0/inst/u_cnn_fsm/u_conv1/gen_filter[7].u_filter/weight7_reg[5]/CLR
                            (recovery check against rising-edge clock clk_fpga_0  {rise@0.000ns fall@5.000ns period=10.000ns})
  Path Group:             **async_default**
  Path Type:              Recovery (Max at Slow Process Corner)
  Requirement:            10.000ns  (clk_fpga_0 rise@10.000ns - clk_fpga_0 rise@0.000ns)
  Data Path Delay:        7.358ns  (logic 0.580ns (7.882%)  route 6.778ns (92.118%))
  Logic Levels:           1  (LUT1=1)
  Clock Path Skew:        -0.394ns (DCD - SCD + CPR)
    Destination Clock Delay (DCD):    2.758ns = ( 12.759 - 10.000 ) 
    Source Clock Delay      (SCD):    3.267ns
    Clock Pessimism Removal (CPR):    0.115ns
  Clock Uncertainty:      0.154ns  ((TSJ^2 + TIJ^2)^1/2 + DJ) / 2 + PE
    Total System Jitter     (TSJ):    0.071ns
    Total Input Jitter      (TIJ):    0.300ns
    Discrete Jitter          (DJ):    0.000ns
    Phase Error              (PE):    0.000ns

    Location             Delay type                Incr(ns)  Path(ns)    Netlist Resource(s)
  -------------------------------------------------------------------    -------------------
                         (clock clk_fpga_0 rise edge)
                                                      0.000     0.000 r  
    PS7_X0Y0             PS7                          0.000     0.000 r  design_1_i/processing_system7_0/inst/PS7_i/FCLKCLK[0]
                         net (fo=1, routed)           1.193     1.193    design_1_i/processing_system7_0/inst/FCLK_CLK_unbuffered[0]
    BUFGCTRL_X0Y16       BUFG (Prop_bufg_I_O)         0.101     1.294 r  design_1_i/processing_system7_0/inst/buffer_fclk_clk_0.FCLK_CLK_0_BUFG/O
                         net (fo=26834, routed)       1.973     3.267    design_1_i/rst_ps7_0_100M/U0/slowest_sync_clk
    SLICE_X101Y137       FDRE                                         r  design_1_i/rst_ps7_0_100M/U0/ACTIVE_LOW_PR_OUT_DFF[0].FDRE_PER_N/C
  -------------------------------------------------------------------    -------------------
    SLICE_X101Y137       FDRE (Prop_fdre_C_Q)         0.456     3.723 r  design_1_i/rst_ps7_0_100M/U0/ACTIVE_LOW_PR_OUT_DFF[0].FDRE_PER_N/Q
                         net (fo=194, routed)         1.444     5.167    design_1_i/top_0/inst/u_cnn_fsm/u_conv2/gen_channel[7].u_slide/resetn
    SLICE_X91Y105        LUT1 (Prop_lut1_I0_O)        0.124     5.291 f  design_1_i/top_0/inst/u_cnn_fsm/u_conv2/gen_channel[7].u_slide/argmax_out[3]_i_2/O
                         net (fo=8772, routed)        5.335    10.625    design_1_i/top_0/inst/u_cnn_fsm/u_conv1/gen_filter[7].u_filter/count_reg[3]_0
    SLICE_X20Y3          FDCE                                         f  design_1_i/top_0/inst/u_cnn_fsm/u_conv1/gen_filter[7].u_filter/weight7_reg[5]/CLR
  -------------------------------------------------------------------    -------------------

                         (clock clk_fpga_0 rise edge)
                                                     10.000    10.000 r  
    PS7_X0Y0             PS7                          0.000    10.000 r  design_1_i/processing_system7_0/inst/PS7_i/FCLKCLK[0]
                         net (fo=1, routed)           1.088    11.088    design_1_i/processing_system7_0/inst/FCLK_CLK_unbuffered[0]
    BUFGCTRL_X0Y16       BUFG (Prop_bufg_I_O)         0.091    11.179 r  design_1_i/processing_system7_0/inst/buffer_fclk_clk_0.FCLK_CLK_0_BUFG/O
                         net (fo=26834, routed)       1.579    12.759    design_1_i/top_0/inst/u_cnn_fsm/u_conv1/gen_filter[7].u_filter/clk
    SLICE_X20Y3          FDCE                                         r  design_1_i/top_0/inst/u_cnn_fsm/u_conv1/gen_filter[7].u_filter/weight7_reg[5]/C
                         clock pessimism              0.115    12.873    
                         clock uncertainty           -0.154    12.719    
    SLICE_X20Y3          FDCE (Recov_fdce_C_CLR)     -0.361    12.358    design_1_i/top_0/inst/u_cnn_fsm/u_conv1/gen_filter[7].u_filter/weight7_reg[5]
  -------------------------------------------------------------------
                         required time                         12.358    
                         arrival time                         -10.625    
  -------------------------------------------------------------------
                         slack                                  1.733    

Slack (MET) :             1.733ns  (required time - arrival time)
  Source:                 design_1_i/rst_ps7_0_100M/U0/ACTIVE_LOW_PR_OUT_DFF[0].FDRE_PER_N/C
                            (rising edge-triggered cell FDRE clocked by clk_fpga_0  {rise@0.000ns fall@5.000ns period=10.000ns})
  Destination:            design_1_i/top_0/inst/u_cnn_fsm/u_conv1/gen_filter[7].u_filter/weight7_reg[6]/CLR
                            (recovery check against rising-edge clock clk_fpga_0  {rise@0.000ns fall@5.000ns period=10.000ns})
  Path Group:             **async_default**
  Path Type:              Recovery (Max at Slow Process Corner)
  Requirement:            10.000ns  (clk_fpga_0 rise@10.000ns - clk_fpga_0 rise@0.000ns)
  Data Path Delay:        7.358ns  (logic 0.580ns (7.882%)  route 6.778ns (92.118%))
  Logic Levels:           1  (LUT1=1)
  Clock Path Skew:        -0.394ns (DCD - SCD + CPR)
    Destination Clock Delay (DCD):    2.758ns = ( 12.759 - 10.000 ) 
    Source Clock Delay      (SCD):    3.267ns
    Clock Pessimism Removal (CPR):    0.115ns
  Clock Uncertainty:      0.154ns  ((TSJ^2 + TIJ^2)^1/2 + DJ) / 2 + PE
    Total System Jitter     (TSJ):    0.071ns
    Total Input Jitter      (TIJ):    0.300ns
    Discrete Jitter          (DJ):    0.000ns
    Phase Error              (PE):    0.000ns

    Location             Delay type                Incr(ns)  Path(ns)    Netlist Resource(s)
  -------------------------------------------------------------------    -------------------
                         (clock clk_fpga_0 rise edge)
                                                      0.000     0.000 r  
    PS7_X0Y0             PS7                          0.000     0.000 r  design_1_i/processing_system7_0/inst/PS7_i/FCLKCLK[0]
                         net (fo=1, routed)           1.193     1.193    design_1_i/processing_system7_0/inst/FCLK_CLK_unbuffered[0]
    BUFGCTRL_X0Y16       BUFG (Prop_bufg_I_O)         0.101     1.294 r  design_1_i/processing_system7_0/inst/buffer_fclk_clk_0.FCLK_CLK_0_BUFG/O
                         net (fo=26834, routed)       1.973     3.267    design_1_i/rst_ps7_0_100M/U0/slowest_sync_clk
    SLICE_X101Y137       FDRE                                         r  design_1_i/rst_ps7_0_100M/U0/ACTIVE_LOW_PR_OUT_DFF[0].FDRE_PER_N/C
  -------------------------------------------------------------------    -------------------
    SLICE_X101Y137       FDRE (Prop_fdre_C_Q)         0.456     3.723 r  design_1_i/rst_ps7_0_100M/U0/ACTIVE_LOW_PR_OUT_DFF[0].FDRE_PER_N/Q
                         net (fo=194, routed)         1.444     5.167    design_1_i/top_0/inst/u_cnn_fsm/u_conv2/gen_channel[7].u_slide/resetn
    SLICE_X91Y105        LUT1 (Prop_lut1_I0_O)        0.124     5.291 f  design_1_i/top_0/inst/u_cnn_fsm/u_conv2/gen_channel[7].u_slide/argmax_out[3]_i_2/O
                         net (fo=8772, routed)        5.335    10.625    design_1_i/top_0/inst/u_cnn_fsm/u_conv1/gen_filter[7].u_filter/count_reg[3]_0
    SLICE_X20Y3          FDCE                                         f  design_1_i/top_0/inst/u_cnn_fsm/u_conv1/gen_filter[7].u_filter/weight7_reg[6]/CLR
  -------------------------------------------------------------------    -------------------

                         (clock clk_fpga_0 rise edge)
                                                     10.000    10.000 r  
    PS7_X0Y0             PS7                          0.000    10.000 r  design_1_i/processing_system7_0/inst/PS7_i/FCLKCLK[0]
                         net (fo=1, routed)           1.088    11.088    design_1_i/processing_system7_0/inst/FCLK_CLK_unbuffered[0]
    BUFGCTRL_X0Y16       BUFG (Prop_bufg_I_O)         0.091    11.179 r  design_1_i/processing_system7_0/inst/buffer_fclk_clk_0.FCLK_CLK_0_BUFG/O
                         net (fo=26834, routed)       1.579    12.759    design_1_i/top_0/inst/u_cnn_fsm/u_conv1/gen_filter[7].u_filter/clk
    SLICE_X20Y3          FDCE                                         r  design_1_i/top_0/inst/u_cnn_fsm/u_conv1/gen_filter[7].u_filter/weight7_reg[6]/C
                         clock pessimism              0.115    12.873    
                         clock uncertainty           -0.154    12.719    
    SLICE_X20Y3          FDCE (Recov_fdce_C_CLR)     -0.361    12.358    design_1_i/top_0/inst/u_cnn_fsm/u_conv1/gen_filter[7].u_filter/weight7_reg[6]
  -------------------------------------------------------------------
                         required time                         12.358    
                         arrival time                         -10.625    
  -------------------------------------------------------------------
                         slack                                  1.733    

Slack (MET) :             1.733ns  (required time - arrival time)
  Source:                 design_1_i/rst_ps7_0_100M/U0/ACTIVE_LOW_PR_OUT_DFF[0].FDRE_PER_N/C
                            (rising edge-triggered cell FDRE clocked by clk_fpga_0  {rise@0.000ns fall@5.000ns period=10.000ns})
  Destination:            design_1_i/top_0/inst/u_cnn_fsm/u_conv1/gen_filter[7].u_filter/weight7_reg[7]/CLR
                            (recovery check against rising-edge clock clk_fpga_0  {rise@0.000ns fall@5.000ns period=10.000ns})
  Path Group:             **async_default**
  Path Type:              Recovery (Max at Slow Process Corner)
  Requirement:            10.000ns  (clk_fpga_0 rise@10.000ns - clk_fpga_0 rise@0.000ns)
  Data Path Delay:        7.358ns  (logic 0.580ns (7.882%)  route 6.778ns (92.118%))
  Logic Levels:           1  (LUT1=1)
  Clock Path Skew:        -0.394ns (DCD - SCD + CPR)
    Destination Clock Delay (DCD):    2.758ns = ( 12.759 - 10.000 ) 
    Source Clock Delay      (SCD):    3.267ns
    Clock Pessimism Removal (CPR):    0.115ns
  Clock Uncertainty:      0.154ns  ((TSJ^2 + TIJ^2)^1/2 + DJ) / 2 + PE
    Total System Jitter     (TSJ):    0.071ns
    Total Input Jitter      (TIJ):    0.300ns
    Discrete Jitter          (DJ):    0.000ns
    Phase Error              (PE):    0.000ns

    Location             Delay type                Incr(ns)  Path(ns)    Netlist Resource(s)
  -------------------------------------------------------------------    -------------------
                         (clock clk_fpga_0 rise edge)
                                                      0.000     0.000 r  
    PS7_X0Y0             PS7                          0.000     0.000 r  design_1_i/processing_system7_0/inst/PS7_i/FCLKCLK[0]
                         net (fo=1, routed)           1.193     1.193    design_1_i/processing_system7_0/inst/FCLK_CLK_unbuffered[0]
    BUFGCTRL_X0Y16       BUFG (Prop_bufg_I_O)         0.101     1.294 r  design_1_i/processing_system7_0/inst/buffer_fclk_clk_0.FCLK_CLK_0_BUFG/O
                         net (fo=26834, routed)       1.973     3.267    design_1_i/rst_ps7_0_100M/U0/slowest_sync_clk
    SLICE_X101Y137       FDRE                                         r  design_1_i/rst_ps7_0_100M/U0/ACTIVE_LOW_PR_OUT_DFF[0].FDRE_PER_N/C
  -------------------------------------------------------------------    -------------------
    SLICE_X101Y137       FDRE (Prop_fdre_C_Q)         0.456     3.723 r  design_1_i/rst_ps7_0_100M/U0/ACTIVE_LOW_PR_OUT_DFF[0].FDRE_PER_N/Q
                         net (fo=194, routed)         1.444     5.167    design_1_i/top_0/inst/u_cnn_fsm/u_conv2/gen_channel[7].u_slide/resetn
    SLICE_X91Y105        LUT1 (Prop_lut1_I0_O)        0.124     5.291 f  design_1_i/top_0/inst/u_cnn_fsm/u_conv2/gen_channel[7].u_slide/argmax_out[3]_i_2/O
                         net (fo=8772, routed)        5.335    10.625    design_1_i/top_0/inst/u_cnn_fsm/u_conv1/gen_filter[7].u_filter/count_reg[3]_0
    SLICE_X20Y3          FDCE                                         f  design_1_i/top_0/inst/u_cnn_fsm/u_conv1/gen_filter[7].u_filter/weight7_reg[7]/CLR
  -------------------------------------------------------------------    -------------------

                         (clock clk_fpga_0 rise edge)
                                                     10.000    10.000 r  
    PS7_X0Y0             PS7                          0.000    10.000 r  design_1_i/processing_system7_0/inst/PS7_i/FCLKCLK[0]
                         net (fo=1, routed)           1.088    11.088    design_1_i/processing_system7_0/inst/FCLK_CLK_unbuffered[0]
    BUFGCTRL_X0Y16       BUFG (Prop_bufg_I_O)         0.091    11.179 r  design_1_i/processing_system7_0/inst/buffer_fclk_clk_0.FCLK_CLK_0_BUFG/O
                         net (fo=26834, routed)       1.579    12.759    design_1_i/top_0/inst/u_cnn_fsm/u_conv1/gen_filter[7].u_filter/clk
    SLICE_X20Y3          FDCE                                         r  design_1_i/top_0/inst/u_cnn_fsm/u_conv1/gen_filter[7].u_filter/weight7_reg[7]/C
                         clock pessimism              0.115    12.873    
                         clock uncertainty           -0.154    12.719    
    SLICE_X20Y3          FDCE (Recov_fdce_C_CLR)     -0.361    12.358    design_1_i/top_0/inst/u_cnn_fsm/u_conv1/gen_filter[7].u_filter/weight7_reg[7]
  -------------------------------------------------------------------
                         required time                         12.358    
                         arrival time                         -10.625    
  -------------------------------------------------------------------
                         slack                                  1.733    

Slack (MET) :             1.737ns  (required time - arrival time)
  Source:                 design_1_i/rst_ps7_0_100M/U0/ACTIVE_LOW_PR_OUT_DFF[0].FDRE_PER_N/C
                            (rising edge-triggered cell FDRE clocked by clk_fpga_0  {rise@0.000ns fall@5.000ns period=10.000ns})
  Destination:            design_1_i/top_0/inst/u_cnn_fsm/u_conv1/gen_filter[5].u_filter/weight7_reg[4]/CLR
                            (recovery check against rising-edge clock clk_fpga_0  {rise@0.000ns fall@5.000ns period=10.000ns})
  Path Group:             **async_default**
  Path Type:              Recovery (Max at Slow Process Corner)
  Requirement:            10.000ns  (clk_fpga_0 rise@10.000ns - clk_fpga_0 rise@0.000ns)
  Data Path Delay:        7.305ns  (logic 0.580ns (7.940%)  route 6.725ns (92.060%))
  Logic Levels:           1  (LUT1=1)
  Clock Path Skew:        -0.399ns (DCD - SCD + CPR)
    Destination Clock Delay (DCD):    2.753ns = ( 12.753 - 10.000 ) 
    Source Clock Delay      (SCD):    3.267ns
    Clock Pessimism Removal (CPR):    0.115ns
  Clock Uncertainty:      0.154ns  ((TSJ^2 + TIJ^2)^1/2 + DJ) / 2 + PE
    Total System Jitter     (TSJ):    0.071ns
    Total Input Jitter      (TIJ):    0.300ns
    Discrete Jitter          (DJ):    0.000ns
    Phase Error              (PE):    0.000ns

    Location             Delay type                Incr(ns)  Path(ns)    Netlist Resource(s)
  -------------------------------------------------------------------    -------------------
                         (clock clk_fpga_0 rise edge)
                                                      0.000     0.000 r  
    PS7_X0Y0             PS7                          0.000     0.000 r  design_1_i/processing_system7_0/inst/PS7_i/FCLKCLK[0]
                         net (fo=1, routed)           1.193     1.193    design_1_i/processing_system7_0/inst/FCLK_CLK_unbuffered[0]
    BUFGCTRL_X0Y16       BUFG (Prop_bufg_I_O)         0.101     1.294 r  design_1_i/processing_system7_0/inst/buffer_fclk_clk_0.FCLK_CLK_0_BUFG/O
                         net (fo=26834, routed)       1.973     3.267    design_1_i/rst_ps7_0_100M/U0/slowest_sync_clk
    SLICE_X101Y137       FDRE                                         r  design_1_i/rst_ps7_0_100M/U0/ACTIVE_LOW_PR_OUT_DFF[0].FDRE_PER_N/C
  -------------------------------------------------------------------    -------------------
    SLICE_X101Y137       FDRE (Prop_fdre_C_Q)         0.456     3.723 r  design_1_i/rst_ps7_0_100M/U0/ACTIVE_LOW_PR_OUT_DFF[0].FDRE_PER_N/Q
                         net (fo=194, routed)         1.444     5.167    design_1_i/top_0/inst/u_cnn_fsm/u_conv2/gen_channel[7].u_slide/resetn
    SLICE_X91Y105        LUT1 (Prop_lut1_I0_O)        0.124     5.291 f  design_1_i/top_0/inst/u_cnn_fsm/u_conv2/gen_channel[7].u_slide/argmax_out[3]_i_2/O
                         net (fo=8772, routed)        5.281    10.572    design_1_i/top_0/inst/u_cnn_fsm/u_conv1/gen_filter[5].u_filter/count_reg[3]_0
    SLICE_X11Y16         FDCE                                         f  design_1_i/top_0/inst/u_cnn_fsm/u_conv1/gen_filter[5].u_filter/weight7_reg[4]/CLR
  -------------------------------------------------------------------    -------------------

                         (clock clk_fpga_0 rise edge)
                                                     10.000    10.000 r  
    PS7_X0Y0             PS7                          0.000    10.000 r  design_1_i/processing_system7_0/inst/PS7_i/FCLKCLK[0]
                         net (fo=1, routed)           1.088    11.088    design_1_i/processing_system7_0/inst/FCLK_CLK_unbuffered[0]
    BUFGCTRL_X0Y16       BUFG (Prop_bufg_I_O)         0.091    11.179 r  design_1_i/processing_system7_0/inst/buffer_fclk_clk_0.FCLK_CLK_0_BUFG/O
                         net (fo=26834, routed)       1.574    12.753    design_1_i/top_0/inst/u_cnn_fsm/u_conv1/gen_filter[5].u_filter/clk
    SLICE_X11Y16         FDCE                                         r  design_1_i/top_0/inst/u_cnn_fsm/u_conv1/gen_filter[5].u_filter/weight7_reg[4]/C
                         clock pessimism              0.115    12.868    
                         clock uncertainty           -0.154    12.714    
    SLICE_X11Y16         FDCE (Recov_fdce_C_CLR)     -0.405    12.309    design_1_i/top_0/inst/u_cnn_fsm/u_conv1/gen_filter[5].u_filter/weight7_reg[4]
  -------------------------------------------------------------------
                         required time                         12.309    
                         arrival time                         -10.572    
  -------------------------------------------------------------------
                         slack                                  1.737    

Slack (MET) :             1.737ns  (required time - arrival time)
  Source:                 design_1_i/rst_ps7_0_100M/U0/ACTIVE_LOW_PR_OUT_DFF[0].FDRE_PER_N/C
                            (rising edge-triggered cell FDRE clocked by clk_fpga_0  {rise@0.000ns fall@5.000ns period=10.000ns})
  Destination:            design_1_i/top_0/inst/u_cnn_fsm/u_conv1/gen_filter[5].u_filter/weight7_reg[5]/CLR
                            (recovery check against rising-edge clock clk_fpga_0  {rise@0.000ns fall@5.000ns period=10.000ns})
  Path Group:             **async_default**
  Path Type:              Recovery (Max at Slow Process Corner)
  Requirement:            10.000ns  (clk_fpga_0 rise@10.000ns - clk_fpga_0 rise@0.000ns)
  Data Path Delay:        7.305ns  (logic 0.580ns (7.940%)  route 6.725ns (92.060%))
  Logic Levels:           1  (LUT1=1)
  Clock Path Skew:        -0.399ns (DCD - SCD + CPR)
    Destination Clock Delay (DCD):    2.753ns = ( 12.753 - 10.000 ) 
    Source Clock Delay      (SCD):    3.267ns
    Clock Pessimism Removal (CPR):    0.115ns
  Clock Uncertainty:      0.154ns  ((TSJ^2 + TIJ^2)^1/2 + DJ) / 2 + PE
    Total System Jitter     (TSJ):    0.071ns
    Total Input Jitter      (TIJ):    0.300ns
    Discrete Jitter          (DJ):    0.000ns
    Phase Error              (PE):    0.000ns

    Location             Delay type                Incr(ns)  Path(ns)    Netlist Resource(s)
  -------------------------------------------------------------------    -------------------
                         (clock clk_fpga_0 rise edge)
                                                      0.000     0.000 r  
    PS7_X0Y0             PS7                          0.000     0.000 r  design_1_i/processing_system7_0/inst/PS7_i/FCLKCLK[0]
                         net (fo=1, routed)           1.193     1.193    design_1_i/processing_system7_0/inst/FCLK_CLK_unbuffered[0]
    BUFGCTRL_X0Y16       BUFG (Prop_bufg_I_O)         0.101     1.294 r  design_1_i/processing_system7_0/inst/buffer_fclk_clk_0.FCLK_CLK_0_BUFG/O
                         net (fo=26834, routed)       1.973     3.267    design_1_i/rst_ps7_0_100M/U0/slowest_sync_clk
    SLICE_X101Y137       FDRE                                         r  design_1_i/rst_ps7_0_100M/U0/ACTIVE_LOW_PR_OUT_DFF[0].FDRE_PER_N/C
  -------------------------------------------------------------------    -------------------
    SLICE_X101Y137       FDRE (Prop_fdre_C_Q)         0.456     3.723 r  design_1_i/rst_ps7_0_100M/U0/ACTIVE_LOW_PR_OUT_DFF[0].FDRE_PER_N/Q
                         net (fo=194, routed)         1.444     5.167    design_1_i/top_0/inst/u_cnn_fsm/u_conv2/gen_channel[7].u_slide/resetn
    SLICE_X91Y105        LUT1 (Prop_lut1_I0_O)        0.124     5.291 f  design_1_i/top_0/inst/u_cnn_fsm/u_conv2/gen_channel[7].u_slide/argmax_out[3]_i_2/O
                         net (fo=8772, routed)        5.281    10.572    design_1_i/top_0/inst/u_cnn_fsm/u_conv1/gen_filter[5].u_filter/count_reg[3]_0
    SLICE_X11Y16         FDCE                                         f  design_1_i/top_0/inst/u_cnn_fsm/u_conv1/gen_filter[5].u_filter/weight7_reg[5]/CLR
  -------------------------------------------------------------------    -------------------

                         (clock clk_fpga_0 rise edge)
                                                     10.000    10.000 r  
    PS7_X0Y0             PS7                          0.000    10.000 r  design_1_i/processing_system7_0/inst/PS7_i/FCLKCLK[0]
                         net (fo=1, routed)           1.088    11.088    design_1_i/processing_system7_0/inst/FCLK_CLK_unbuffered[0]
    BUFGCTRL_X0Y16       BUFG (Prop_bufg_I_O)         0.091    11.179 r  design_1_i/processing_system7_0/inst/buffer_fclk_clk_0.FCLK_CLK_0_BUFG/O
                         net (fo=26834, routed)       1.574    12.753    design_1_i/top_0/inst/u_cnn_fsm/u_conv1/gen_filter[5].u_filter/clk
    SLICE_X11Y16         FDCE                                         r  design_1_i/top_0/inst/u_cnn_fsm/u_conv1/gen_filter[5].u_filter/weight7_reg[5]/C
                         clock pessimism              0.115    12.868    
                         clock uncertainty           -0.154    12.714    
    SLICE_X11Y16         FDCE (Recov_fdce_C_CLR)     -0.405    12.309    design_1_i/top_0/inst/u_cnn_fsm/u_conv1/gen_filter[5].u_filter/weight7_reg[5]
  -------------------------------------------------------------------
                         required time                         12.309    
                         arrival time                         -10.572    
  -------------------------------------------------------------------
                         slack                                  1.737    

Slack (MET) :             1.737ns  (required time - arrival time)
  Source:                 design_1_i/rst_ps7_0_100M/U0/ACTIVE_LOW_PR_OUT_DFF[0].FDRE_PER_N/C
                            (rising edge-triggered cell FDRE clocked by clk_fpga_0  {rise@0.000ns fall@5.000ns period=10.000ns})
  Destination:            design_1_i/top_0/inst/u_cnn_fsm/u_conv1/gen_filter[5].u_filter/weight7_reg[6]/CLR
                            (recovery check against rising-edge clock clk_fpga_0  {rise@0.000ns fall@5.000ns period=10.000ns})
  Path Group:             **async_default**
  Path Type:              Recovery (Max at Slow Process Corner)
  Requirement:            10.000ns  (clk_fpga_0 rise@10.000ns - clk_fpga_0 rise@0.000ns)
  Data Path Delay:        7.305ns  (logic 0.580ns (7.940%)  route 6.725ns (92.060%))
  Logic Levels:           1  (LUT1=1)
  Clock Path Skew:        -0.399ns (DCD - SCD + CPR)
    Destination Clock Delay (DCD):    2.753ns = ( 12.753 - 10.000 ) 
    Source Clock Delay      (SCD):    3.267ns
    Clock Pessimism Removal (CPR):    0.115ns
  Clock Uncertainty:      0.154ns  ((TSJ^2 + TIJ^2)^1/2 + DJ) / 2 + PE
    Total System Jitter     (TSJ):    0.071ns
    Total Input Jitter      (TIJ):    0.300ns
    Discrete Jitter          (DJ):    0.000ns
    Phase Error              (PE):    0.000ns

    Location             Delay type                Incr(ns)  Path(ns)    Netlist Resource(s)
  -------------------------------------------------------------------    -------------------
                         (clock clk_fpga_0 rise edge)
                                                      0.000     0.000 r  
    PS7_X0Y0             PS7                          0.000     0.000 r  design_1_i/processing_system7_0/inst/PS7_i/FCLKCLK[0]
                         net (fo=1, routed)           1.193     1.193    design_1_i/processing_system7_0/inst/FCLK_CLK_unbuffered[0]
    BUFGCTRL_X0Y16       BUFG (Prop_bufg_I_O)         0.101     1.294 r  design_1_i/processing_system7_0/inst/buffer_fclk_clk_0.FCLK_CLK_0_BUFG/O
                         net (fo=26834, routed)       1.973     3.267    design_1_i/rst_ps7_0_100M/U0/slowest_sync_clk
    SLICE_X101Y137       FDRE                                         r  design_1_i/rst_ps7_0_100M/U0/ACTIVE_LOW_PR_OUT_DFF[0].FDRE_PER_N/C
  -------------------------------------------------------------------    -------------------
    SLICE_X101Y137       FDRE (Prop_fdre_C_Q)         0.456     3.723 r  design_1_i/rst_ps7_0_100M/U0/ACTIVE_LOW_PR_OUT_DFF[0].FDRE_PER_N/Q
                         net (fo=194, routed)         1.444     5.167    design_1_i/top_0/inst/u_cnn_fsm/u_conv2/gen_channel[7].u_slide/resetn
    SLICE_X91Y105        LUT1 (Prop_lut1_I0_O)        0.124     5.291 f  design_1_i/top_0/inst/u_cnn_fsm/u_conv2/gen_channel[7].u_slide/argmax_out[3]_i_2/O
                         net (fo=8772, routed)        5.281    10.572    design_1_i/top_0/inst/u_cnn_fsm/u_conv1/gen_filter[5].u_filter/count_reg[3]_0
    SLICE_X11Y16         FDCE                                         f  design_1_i/top_0/inst/u_cnn_fsm/u_conv1/gen_filter[5].u_filter/weight7_reg[6]/CLR
  -------------------------------------------------------------------    -------------------

                         (clock clk_fpga_0 rise edge)
                                                     10.000    10.000 r  
    PS7_X0Y0             PS7                          0.000    10.000 r  design_1_i/processing_system7_0/inst/PS7_i/FCLKCLK[0]
                         net (fo=1, routed)           1.088    11.088    design_1_i/processing_system7_0/inst/FCLK_CLK_unbuffered[0]
    BUFGCTRL_X0Y16       BUFG (Prop_bufg_I_O)         0.091    11.179 r  design_1_i/processing_system7_0/inst/buffer_fclk_clk_0.FCLK_CLK_0_BUFG/O
                         net (fo=26834, routed)       1.574    12.753    design_1_i/top_0/inst/u_cnn_fsm/u_conv1/gen_filter[5].u_filter/clk
    SLICE_X11Y16         FDCE                                         r  design_1_i/top_0/inst/u_cnn_fsm/u_conv1/gen_filter[5].u_filter/weight7_reg[6]/C
                         clock pessimism              0.115    12.868    
                         clock uncertainty           -0.154    12.714    
    SLICE_X11Y16         FDCE (Recov_fdce_C_CLR)     -0.405    12.309    design_1_i/top_0/inst/u_cnn_fsm/u_conv1/gen_filter[5].u_filter/weight7_reg[6]
  -------------------------------------------------------------------
                         required time                         12.309    
                         arrival time                         -10.572    
  -------------------------------------------------------------------
                         slack                                  1.737    

Slack (MET) :             1.737ns  (required time - arrival time)
  Source:                 design_1_i/rst_ps7_0_100M/U0/ACTIVE_LOW_PR_OUT_DFF[0].FDRE_PER_N/C
                            (rising edge-triggered cell FDRE clocked by clk_fpga_0  {rise@0.000ns fall@5.000ns period=10.000ns})
  Destination:            design_1_i/top_0/inst/u_cnn_fsm/u_conv1/gen_filter[5].u_filter/weight7_reg[7]/CLR
                            (recovery check against rising-edge clock clk_fpga_0  {rise@0.000ns fall@5.000ns period=10.000ns})
  Path Group:             **async_default**
  Path Type:              Recovery (Max at Slow Process Corner)
  Requirement:            10.000ns  (clk_fpga_0 rise@10.000ns - clk_fpga_0 rise@0.000ns)
  Data Path Delay:        7.305ns  (logic 0.580ns (7.940%)  route 6.725ns (92.060%))
  Logic Levels:           1  (LUT1=1)
  Clock Path Skew:        -0.399ns (DCD - SCD + CPR)
    Destination Clock Delay (DCD):    2.753ns = ( 12.753 - 10.000 ) 
    Source Clock Delay      (SCD):    3.267ns
    Clock Pessimism Removal (CPR):    0.115ns
  Clock Uncertainty:      0.154ns  ((TSJ^2 + TIJ^2)^1/2 + DJ) / 2 + PE
    Total System Jitter     (TSJ):    0.071ns
    Total Input Jitter      (TIJ):    0.300ns
    Discrete Jitter          (DJ):    0.000ns
    Phase Error              (PE):    0.000ns

    Location             Delay type                Incr(ns)  Path(ns)    Netlist Resource(s)
  -------------------------------------------------------------------    -------------------
                         (clock clk_fpga_0 rise edge)
                                                      0.000     0.000 r  
    PS7_X0Y0             PS7                          0.000     0.000 r  design_1_i/processing_system7_0/inst/PS7_i/FCLKCLK[0]
                         net (fo=1, routed)           1.193     1.193    design_1_i/processing_system7_0/inst/FCLK_CLK_unbuffered[0]
    BUFGCTRL_X0Y16       BUFG (Prop_bufg_I_O)         0.101     1.294 r  design_1_i/processing_system7_0/inst/buffer_fclk_clk_0.FCLK_CLK_0_BUFG/O
                         net (fo=26834, routed)       1.973     3.267    design_1_i/rst_ps7_0_100M/U0/slowest_sync_clk
    SLICE_X101Y137       FDRE                                         r  design_1_i/rst_ps7_0_100M/U0/ACTIVE_LOW_PR_OUT_DFF[0].FDRE_PER_N/C
  -------------------------------------------------------------------    -------------------
    SLICE_X101Y137       FDRE (Prop_fdre_C_Q)         0.456     3.723 r  design_1_i/rst_ps7_0_100M/U0/ACTIVE_LOW_PR_OUT_DFF[0].FDRE_PER_N/Q
                         net (fo=194, routed)         1.444     5.167    design_1_i/top_0/inst/u_cnn_fsm/u_conv2/gen_channel[7].u_slide/resetn
    SLICE_X91Y105        LUT1 (Prop_lut1_I0_O)        0.124     5.291 f  design_1_i/top_0/inst/u_cnn_fsm/u_conv2/gen_channel[7].u_slide/argmax_out[3]_i_2/O
                         net (fo=8772, routed)        5.281    10.572    design_1_i/top_0/inst/u_cnn_fsm/u_conv1/gen_filter[5].u_filter/count_reg[3]_0
    SLICE_X11Y16         FDCE                                         f  design_1_i/top_0/inst/u_cnn_fsm/u_conv1/gen_filter[5].u_filter/weight7_reg[7]/CLR
  -------------------------------------------------------------------    -------------------

                         (clock clk_fpga_0 rise edge)
                                                     10.000    10.000 r  
    PS7_X0Y0             PS7                          0.000    10.000 r  design_1_i/processing_system7_0/inst/PS7_i/FCLKCLK[0]
                         net (fo=1, routed)           1.088    11.088    design_1_i/processing_system7_0/inst/FCLK_CLK_unbuffered[0]
    BUFGCTRL_X0Y16       BUFG (Prop_bufg_I_O)         0.091    11.179 r  design_1_i/processing_system7_0/inst/buffer_fclk_clk_0.FCLK_CLK_0_BUFG/O
                         net (fo=26834, routed)       1.574    12.753    design_1_i/top_0/inst/u_cnn_fsm/u_conv1/gen_filter[5].u_filter/clk
    SLICE_X11Y16         FDCE                                         r  design_1_i/top_0/inst/u_cnn_fsm/u_conv1/gen_filter[5].u_filter/weight7_reg[7]/C
                         clock pessimism              0.115    12.868    
                         clock uncertainty           -0.154    12.714    
    SLICE_X11Y16         FDCE (Recov_fdce_C_CLR)     -0.405    12.309    design_1_i/top_0/inst/u_cnn_fsm/u_conv1/gen_filter[5].u_filter/weight7_reg[7]
  -------------------------------------------------------------------
                         required time                         12.309    
                         arrival time                         -10.572    
  -------------------------------------------------------------------
                         slack                                  1.737    

Slack (MET) :             1.775ns  (required time - arrival time)
  Source:                 design_1_i/rst_ps7_0_100M/U0/ACTIVE_LOW_PR_OUT_DFF[0].FDRE_PER_N/C
                            (rising edge-triggered cell FDRE clocked by clk_fpga_0  {rise@0.000ns fall@5.000ns period=10.000ns})
  Destination:            design_1_i/top_0/inst/u_cnn_fsm/u_conv1/gen_filter[7].u_filter/weight7_reg[0]/CLR
                            (recovery check against rising-edge clock clk_fpga_0  {rise@0.000ns fall@5.000ns period=10.000ns})
  Path Group:             **async_default**
  Path Type:              Recovery (Max at Slow Process Corner)
  Requirement:            10.000ns  (clk_fpga_0 rise@10.000ns - clk_fpga_0 rise@0.000ns)
  Data Path Delay:        7.358ns  (logic 0.580ns (7.882%)  route 6.778ns (92.118%))
  Logic Levels:           1  (LUT1=1)
  Clock Path Skew:        -0.394ns (DCD - SCD + CPR)
    Destination Clock Delay (DCD):    2.758ns = ( 12.759 - 10.000 ) 
    Source Clock Delay      (SCD):    3.267ns
    Clock Pessimism Removal (CPR):    0.115ns
  Clock Uncertainty:      0.154ns  ((TSJ^2 + TIJ^2)^1/2 + DJ) / 2 + PE
    Total System Jitter     (TSJ):    0.071ns
    Total Input Jitter      (TIJ):    0.300ns
    Discrete Jitter          (DJ):    0.000ns
    Phase Error              (PE):    0.000ns

    Location             Delay type                Incr(ns)  Path(ns)    Netlist Resource(s)
  -------------------------------------------------------------------    -------------------
                         (clock clk_fpga_0 rise edge)
                                                      0.000     0.000 r  
    PS7_X0Y0             PS7                          0.000     0.000 r  design_1_i/processing_system7_0/inst/PS7_i/FCLKCLK[0]
                         net (fo=1, routed)           1.193     1.193    design_1_i/processing_system7_0/inst/FCLK_CLK_unbuffered[0]
    BUFGCTRL_X0Y16       BUFG (Prop_bufg_I_O)         0.101     1.294 r  design_1_i/processing_system7_0/inst/buffer_fclk_clk_0.FCLK_CLK_0_BUFG/O
                         net (fo=26834, routed)       1.973     3.267    design_1_i/rst_ps7_0_100M/U0/slowest_sync_clk
    SLICE_X101Y137       FDRE                                         r  design_1_i/rst_ps7_0_100M/U0/ACTIVE_LOW_PR_OUT_DFF[0].FDRE_PER_N/C
  -------------------------------------------------------------------    -------------------
    SLICE_X101Y137       FDRE (Prop_fdre_C_Q)         0.456     3.723 r  design_1_i/rst_ps7_0_100M/U0/ACTIVE_LOW_PR_OUT_DFF[0].FDRE_PER_N/Q
                         net (fo=194, routed)         1.444     5.167    design_1_i/top_0/inst/u_cnn_fsm/u_conv2/gen_channel[7].u_slide/resetn
    SLICE_X91Y105        LUT1 (Prop_lut1_I0_O)        0.124     5.291 f  design_1_i/top_0/inst/u_cnn_fsm/u_conv2/gen_channel[7].u_slide/argmax_out[3]_i_2/O
                         net (fo=8772, routed)        5.335    10.625    design_1_i/top_0/inst/u_cnn_fsm/u_conv1/gen_filter[7].u_filter/count_reg[3]_0
    SLICE_X20Y3          FDCE                                         f  design_1_i/top_0/inst/u_cnn_fsm/u_conv1/gen_filter[7].u_filter/weight7_reg[0]/CLR
  -------------------------------------------------------------------    -------------------

                         (clock clk_fpga_0 rise edge)
                                                     10.000    10.000 r  
    PS7_X0Y0             PS7                          0.000    10.000 r  design_1_i/processing_system7_0/inst/PS7_i/FCLKCLK[0]
                         net (fo=1, routed)           1.088    11.088    design_1_i/processing_system7_0/inst/FCLK_CLK_unbuffered[0]
    BUFGCTRL_X0Y16       BUFG (Prop_bufg_I_O)         0.091    11.179 r  design_1_i/processing_system7_0/inst/buffer_fclk_clk_0.FCLK_CLK_0_BUFG/O
                         net (fo=26834, routed)       1.579    12.759    design_1_i/top_0/inst/u_cnn_fsm/u_conv1/gen_filter[7].u_filter/clk
    SLICE_X20Y3          FDCE                                         r  design_1_i/top_0/inst/u_cnn_fsm/u_conv1/gen_filter[7].u_filter/weight7_reg[0]/C
                         clock pessimism              0.115    12.873    
                         clock uncertainty           -0.154    12.719    
    SLICE_X20Y3          FDCE (Recov_fdce_C_CLR)     -0.319    12.400    design_1_i/top_0/inst/u_cnn_fsm/u_conv1/gen_filter[7].u_filter/weight7_reg[0]
  -------------------------------------------------------------------
                         required time                         12.400    
                         arrival time                         -10.625    
  -------------------------------------------------------------------
                         slack                                  1.775    

Slack (MET) :             1.775ns  (required time - arrival time)
  Source:                 design_1_i/rst_ps7_0_100M/U0/ACTIVE_LOW_PR_OUT_DFF[0].FDRE_PER_N/C
                            (rising edge-triggered cell FDRE clocked by clk_fpga_0  {rise@0.000ns fall@5.000ns period=10.000ns})
  Destination:            design_1_i/top_0/inst/u_cnn_fsm/u_conv1/gen_filter[7].u_filter/weight7_reg[1]/CLR
                            (recovery check against rising-edge clock clk_fpga_0  {rise@0.000ns fall@5.000ns period=10.000ns})
  Path Group:             **async_default**
  Path Type:              Recovery (Max at Slow Process Corner)
  Requirement:            10.000ns  (clk_fpga_0 rise@10.000ns - clk_fpga_0 rise@0.000ns)
  Data Path Delay:        7.358ns  (logic 0.580ns (7.882%)  route 6.778ns (92.118%))
  Logic Levels:           1  (LUT1=1)
  Clock Path Skew:        -0.394ns (DCD - SCD + CPR)
    Destination Clock Delay (DCD):    2.758ns = ( 12.759 - 10.000 ) 
    Source Clock Delay      (SCD):    3.267ns
    Clock Pessimism Removal (CPR):    0.115ns
  Clock Uncertainty:      0.154ns  ((TSJ^2 + TIJ^2)^1/2 + DJ) / 2 + PE
    Total System Jitter     (TSJ):    0.071ns
    Total Input Jitter      (TIJ):    0.300ns
    Discrete Jitter          (DJ):    0.000ns
    Phase Error              (PE):    0.000ns

    Location             Delay type                Incr(ns)  Path(ns)    Netlist Resource(s)
  -------------------------------------------------------------------    -------------------
                         (clock clk_fpga_0 rise edge)
                                                      0.000     0.000 r  
    PS7_X0Y0             PS7                          0.000     0.000 r  design_1_i/processing_system7_0/inst/PS7_i/FCLKCLK[0]
                         net (fo=1, routed)           1.193     1.193    design_1_i/processing_system7_0/inst/FCLK_CLK_unbuffered[0]
    BUFGCTRL_X0Y16       BUFG (Prop_bufg_I_O)         0.101     1.294 r  design_1_i/processing_system7_0/inst/buffer_fclk_clk_0.FCLK_CLK_0_BUFG/O
                         net (fo=26834, routed)       1.973     3.267    design_1_i/rst_ps7_0_100M/U0/slowest_sync_clk
    SLICE_X101Y137       FDRE                                         r  design_1_i/rst_ps7_0_100M/U0/ACTIVE_LOW_PR_OUT_DFF[0].FDRE_PER_N/C
  -------------------------------------------------------------------    -------------------
    SLICE_X101Y137       FDRE (Prop_fdre_C_Q)         0.456     3.723 r  design_1_i/rst_ps7_0_100M/U0/ACTIVE_LOW_PR_OUT_DFF[0].FDRE_PER_N/Q
                         net (fo=194, routed)         1.444     5.167    design_1_i/top_0/inst/u_cnn_fsm/u_conv2/gen_channel[7].u_slide/resetn
    SLICE_X91Y105        LUT1 (Prop_lut1_I0_O)        0.124     5.291 f  design_1_i/top_0/inst/u_cnn_fsm/u_conv2/gen_channel[7].u_slide/argmax_out[3]_i_2/O
                         net (fo=8772, routed)        5.335    10.625    design_1_i/top_0/inst/u_cnn_fsm/u_conv1/gen_filter[7].u_filter/count_reg[3]_0
    SLICE_X20Y3          FDCE                                         f  design_1_i/top_0/inst/u_cnn_fsm/u_conv1/gen_filter[7].u_filter/weight7_reg[1]/CLR
  -------------------------------------------------------------------    -------------------

                         (clock clk_fpga_0 rise edge)
                                                     10.000    10.000 r  
    PS7_X0Y0             PS7                          0.000    10.000 r  design_1_i/processing_system7_0/inst/PS7_i/FCLKCLK[0]
                         net (fo=1, routed)           1.088    11.088    design_1_i/processing_system7_0/inst/FCLK_CLK_unbuffered[0]
    BUFGCTRL_X0Y16       BUFG (Prop_bufg_I_O)         0.091    11.179 r  design_1_i/processing_system7_0/inst/buffer_fclk_clk_0.FCLK_CLK_0_BUFG/O
                         net (fo=26834, routed)       1.579    12.759    design_1_i/top_0/inst/u_cnn_fsm/u_conv1/gen_filter[7].u_filter/clk
    SLICE_X20Y3          FDCE                                         r  design_1_i/top_0/inst/u_cnn_fsm/u_conv1/gen_filter[7].u_filter/weight7_reg[1]/C
                         clock pessimism              0.115    12.873    
                         clock uncertainty           -0.154    12.719    
    SLICE_X20Y3          FDCE (Recov_fdce_C_CLR)     -0.319    12.400    design_1_i/top_0/inst/u_cnn_fsm/u_conv1/gen_filter[7].u_filter/weight7_reg[1]
  -------------------------------------------------------------------
                         required time                         12.400    
                         arrival time                         -10.625    
  -------------------------------------------------------------------
                         slack                                  1.775    





Min Delay Paths
--------------------------------------------------------------------------------------
Slack (MET) :             1.013ns  (arrival time - required time)
  Source:                 design_1_i/rst_ps7_0_100M/U0/ACTIVE_LOW_PR_OUT_DFF[0].FDRE_PER_N/C
                            (rising edge-triggered cell FDRE clocked by clk_fpga_0  {rise@0.000ns fall@5.000ns period=10.000ns})
  Destination:            design_1_i/top_0/inst/u_cnn_fsm/gen_classifier[1].u_maxpool_fc_argmax/u_fc_layer/fc_out_3_reg[10]/CLR
                            (removal check against rising-edge clock clk_fpga_0  {rise@0.000ns fall@5.000ns period=10.000ns})
  Path Group:             **async_default**
  Path Type:              Removal (Min at Fast Process Corner)
  Requirement:            0.000ns  (clk_fpga_0 rise@0.000ns - clk_fpga_0 rise@0.000ns)
  Data Path Delay:        0.958ns  (logic 0.186ns (19.420%)  route 0.772ns (80.580%))
  Logic Levels:           1  (LUT1=1)
  Clock Path Skew:        0.037ns (DCD - SCD - CPR)
    Destination Clock Delay (DCD):    1.328ns
    Source Clock Delay      (SCD):    1.023ns
    Clock Pessimism Removal (CPR):    0.268ns

    Location             Delay type                Incr(ns)  Path(ns)    Netlist Resource(s)
  -------------------------------------------------------------------    -------------------
                         (clock clk_fpga_0 rise edge)
                                                      0.000     0.000 r  
    PS7_X0Y0             PS7                          0.000     0.000 r  design_1_i/processing_system7_0/inst/PS7_i/FCLKCLK[0]
                         net (fo=1, routed)           0.310     0.310    design_1_i/processing_system7_0/inst/FCLK_CLK_unbuffered[0]
    BUFGCTRL_X0Y16       BUFG (Prop_bufg_I_O)         0.026     0.336 r  design_1_i/processing_system7_0/inst/buffer_fclk_clk_0.FCLK_CLK_0_BUFG/O
                         net (fo=26834, routed)       0.687     1.023    design_1_i/rst_ps7_0_100M/U0/slowest_sync_clk
    SLICE_X101Y137       FDRE                                         r  design_1_i/rst_ps7_0_100M/U0/ACTIVE_LOW_PR_OUT_DFF[0].FDRE_PER_N/C
  -------------------------------------------------------------------    -------------------
    SLICE_X101Y137       FDRE (Prop_fdre_C_Q)         0.141     1.164 r  design_1_i/rst_ps7_0_100M/U0/ACTIVE_LOW_PR_OUT_DFF[0].FDRE_PER_N/Q
                         net (fo=194, routed)         0.592     1.756    design_1_i/top_0/inst/u_cnn_fsm/u_conv2/gen_channel[7].u_slide/resetn
    SLICE_X91Y105        LUT1 (Prop_lut1_I0_O)        0.045     1.801 f  design_1_i/top_0/inst/u_cnn_fsm/u_conv2/gen_channel[7].u_slide/argmax_out[3]_i_2/O
                         net (fo=8772, routed)        0.180     1.981    design_1_i/top_0/inst/u_cnn_fsm/gen_classifier[1].u_maxpool_fc_argmax/u_fc_layer/data_in_r_reg[7]_rep__21_0
    SLICE_X93Y105        FDCE                                         f  design_1_i/top_0/inst/u_cnn_fsm/gen_classifier[1].u_maxpool_fc_argmax/u_fc_layer/fc_out_3_reg[10]/CLR
  -------------------------------------------------------------------    -------------------

                         (clock clk_fpga_0 rise edge)
                                                      0.000     0.000 r  
    PS7_X0Y0             PS7                          0.000     0.000 r  design_1_i/processing_system7_0/inst/PS7_i/FCLKCLK[0]
                         net (fo=1, routed)           0.337     0.337    design_1_i/processing_system7_0/inst/FCLK_CLK_unbuffered[0]
    BUFGCTRL_X0Y16       BUFG (Prop_bufg_I_O)         0.029     0.366 r  design_1_i/processing_system7_0/inst/buffer_fclk_clk_0.FCLK_CLK_0_BUFG/O
                         net (fo=26834, routed)       0.962     1.328    design_1_i/top_0/inst/u_cnn_fsm/gen_classifier[1].u_maxpool_fc_argmax/u_fc_layer/clk
    SLICE_X93Y105        FDCE                                         r  design_1_i/top_0/inst/u_cnn_fsm/gen_classifier[1].u_maxpool_fc_argmax/u_fc_layer/fc_out_3_reg[10]/C
                         clock pessimism             -0.268     1.060    
    SLICE_X93Y105        FDCE (Remov_fdce_C_CLR)     -0.092     0.968    design_1_i/top_0/inst/u_cnn_fsm/gen_classifier[1].u_maxpool_fc_argmax/u_fc_layer/fc_out_3_reg[10]
  -------------------------------------------------------------------
                         required time                         -0.968    
                         arrival time                           1.981    
  -------------------------------------------------------------------
                         slack                                  1.013    

Slack (MET) :             1.013ns  (arrival time - required time)
  Source:                 design_1_i/rst_ps7_0_100M/U0/ACTIVE_LOW_PR_OUT_DFF[0].FDRE_PER_N/C
                            (rising edge-triggered cell FDRE clocked by clk_fpga_0  {rise@0.000ns fall@5.000ns period=10.000ns})
  Destination:            design_1_i/top_0/inst/u_cnn_fsm/gen_classifier[1].u_maxpool_fc_argmax/u_fc_layer/fc_out_3_reg[11]/CLR
                            (removal check against rising-edge clock clk_fpga_0  {rise@0.000ns fall@5.000ns period=10.000ns})
  Path Group:             **async_default**
  Path Type:              Removal (Min at Fast Process Corner)
  Requirement:            0.000ns  (clk_fpga_0 rise@0.000ns - clk_fpga_0 rise@0.000ns)
  Data Path Delay:        0.958ns  (logic 0.186ns (19.420%)  route 0.772ns (80.580%))
  Logic Levels:           1  (LUT1=1)
  Clock Path Skew:        0.037ns (DCD - SCD - CPR)
    Destination Clock Delay (DCD):    1.328ns
    Source Clock Delay      (SCD):    1.023ns
    Clock Pessimism Removal (CPR):    0.268ns

    Location             Delay type                Incr(ns)  Path(ns)    Netlist Resource(s)
  -------------------------------------------------------------------    -------------------
                         (clock clk_fpga_0 rise edge)
                                                      0.000     0.000 r  
    PS7_X0Y0             PS7                          0.000     0.000 r  design_1_i/processing_system7_0/inst/PS7_i/FCLKCLK[0]
                         net (fo=1, routed)           0.310     0.310    design_1_i/processing_system7_0/inst/FCLK_CLK_unbuffered[0]
    BUFGCTRL_X0Y16       BUFG (Prop_bufg_I_O)         0.026     0.336 r  design_1_i/processing_system7_0/inst/buffer_fclk_clk_0.FCLK_CLK_0_BUFG/O
                         net (fo=26834, routed)       0.687     1.023    design_1_i/rst_ps7_0_100M/U0/slowest_sync_clk
    SLICE_X101Y137       FDRE                                         r  design_1_i/rst_ps7_0_100M/U0/ACTIVE_LOW_PR_OUT_DFF[0].FDRE_PER_N/C
  -------------------------------------------------------------------    -------------------
    SLICE_X101Y137       FDRE (Prop_fdre_C_Q)         0.141     1.164 r  design_1_i/rst_ps7_0_100M/U0/ACTIVE_LOW_PR_OUT_DFF[0].FDRE_PER_N/Q
                         net (fo=194, routed)         0.592     1.756    design_1_i/top_0/inst/u_cnn_fsm/u_conv2/gen_channel[7].u_slide/resetn
    SLICE_X91Y105        LUT1 (Prop_lut1_I0_O)        0.045     1.801 f  design_1_i/top_0/inst/u_cnn_fsm/u_conv2/gen_channel[7].u_slide/argmax_out[3]_i_2/O
                         net (fo=8772, routed)        0.180     1.981    design_1_i/top_0/inst/u_cnn_fsm/gen_classifier[1].u_maxpool_fc_argmax/u_fc_layer/data_in_r_reg[7]_rep__21_0
    SLICE_X93Y105        FDCE                                         f  design_1_i/top_0/inst/u_cnn_fsm/gen_classifier[1].u_maxpool_fc_argmax/u_fc_layer/fc_out_3_reg[11]/CLR
  -------------------------------------------------------------------    -------------------

                         (clock clk_fpga_0 rise edge)
                                                      0.000     0.000 r  
    PS7_X0Y0             PS7                          0.000     0.000 r  design_1_i/processing_system7_0/inst/PS7_i/FCLKCLK[0]
                         net (fo=1, routed)           0.337     0.337    design_1_i/processing_system7_0/inst/FCLK_CLK_unbuffered[0]
    BUFGCTRL_X0Y16       BUFG (Prop_bufg_I_O)         0.029     0.366 r  design_1_i/processing_system7_0/inst/buffer_fclk_clk_0.FCLK_CLK_0_BUFG/O
                         net (fo=26834, routed)       0.962     1.328    design_1_i/top_0/inst/u_cnn_fsm/gen_classifier[1].u_maxpool_fc_argmax/u_fc_layer/clk
    SLICE_X93Y105        FDCE                                         r  design_1_i/top_0/inst/u_cnn_fsm/gen_classifier[1].u_maxpool_fc_argmax/u_fc_layer/fc_out_3_reg[11]/C
                         clock pessimism             -0.268     1.060    
    SLICE_X93Y105        FDCE (Remov_fdce_C_CLR)     -0.092     0.968    design_1_i/top_0/inst/u_cnn_fsm/gen_classifier[1].u_maxpool_fc_argmax/u_fc_layer/fc_out_3_reg[11]
  -------------------------------------------------------------------
                         required time                         -0.968    
                         arrival time                           1.981    
  -------------------------------------------------------------------
                         slack                                  1.013    

Slack (MET) :             1.013ns  (arrival time - required time)
  Source:                 design_1_i/rst_ps7_0_100M/U0/ACTIVE_LOW_PR_OUT_DFF[0].FDRE_PER_N/C
                            (rising edge-triggered cell FDRE clocked by clk_fpga_0  {rise@0.000ns fall@5.000ns period=10.000ns})
  Destination:            design_1_i/top_0/inst/u_cnn_fsm/gen_classifier[1].u_maxpool_fc_argmax/u_fc_layer/fc_out_3_reg[8]/CLR
                            (removal check against rising-edge clock clk_fpga_0  {rise@0.000ns fall@5.000ns period=10.000ns})
  Path Group:             **async_default**
  Path Type:              Removal (Min at Fast Process Corner)
  Requirement:            0.000ns  (clk_fpga_0 rise@0.000ns - clk_fpga_0 rise@0.000ns)
  Data Path Delay:        0.958ns  (logic 0.186ns (19.420%)  route 0.772ns (80.580%))
  Logic Levels:           1  (LUT1=1)
  Clock Path Skew:        0.037ns (DCD - SCD - CPR)
    Destination Clock Delay (DCD):    1.328ns
    Source Clock Delay      (SCD):    1.023ns
    Clock Pessimism Removal (CPR):    0.268ns

    Location             Delay type                Incr(ns)  Path(ns)    Netlist Resource(s)
  -------------------------------------------------------------------    -------------------
                         (clock clk_fpga_0 rise edge)
                                                      0.000     0.000 r  
    PS7_X0Y0             PS7                          0.000     0.000 r  design_1_i/processing_system7_0/inst/PS7_i/FCLKCLK[0]
                         net (fo=1, routed)           0.310     0.310    design_1_i/processing_system7_0/inst/FCLK_CLK_unbuffered[0]
    BUFGCTRL_X0Y16       BUFG (Prop_bufg_I_O)         0.026     0.336 r  design_1_i/processing_system7_0/inst/buffer_fclk_clk_0.FCLK_CLK_0_BUFG/O
                         net (fo=26834, routed)       0.687     1.023    design_1_i/rst_ps7_0_100M/U0/slowest_sync_clk
    SLICE_X101Y137       FDRE                                         r  design_1_i/rst_ps7_0_100M/U0/ACTIVE_LOW_PR_OUT_DFF[0].FDRE_PER_N/C
  -------------------------------------------------------------------    -------------------
    SLICE_X101Y137       FDRE (Prop_fdre_C_Q)         0.141     1.164 r  design_1_i/rst_ps7_0_100M/U0/ACTIVE_LOW_PR_OUT_DFF[0].FDRE_PER_N/Q
                         net (fo=194, routed)         0.592     1.756    design_1_i/top_0/inst/u_cnn_fsm/u_conv2/gen_channel[7].u_slide/resetn
    SLICE_X91Y105        LUT1 (Prop_lut1_I0_O)        0.045     1.801 f  design_1_i/top_0/inst/u_cnn_fsm/u_conv2/gen_channel[7].u_slide/argmax_out[3]_i_2/O
                         net (fo=8772, routed)        0.180     1.981    design_1_i/top_0/inst/u_cnn_fsm/gen_classifier[1].u_maxpool_fc_argmax/u_fc_layer/data_in_r_reg[7]_rep__21_0
    SLICE_X93Y105        FDCE                                         f  design_1_i/top_0/inst/u_cnn_fsm/gen_classifier[1].u_maxpool_fc_argmax/u_fc_layer/fc_out_3_reg[8]/CLR
  -------------------------------------------------------------------    -------------------

                         (clock clk_fpga_0 rise edge)
                                                      0.000     0.000 r  
    PS7_X0Y0             PS7                          0.000     0.000 r  design_1_i/processing_system7_0/inst/PS7_i/FCLKCLK[0]
                         net (fo=1, routed)           0.337     0.337    design_1_i/processing_system7_0/inst/FCLK_CLK_unbuffered[0]
    BUFGCTRL_X0Y16       BUFG (Prop_bufg_I_O)         0.029     0.366 r  design_1_i/processing_system7_0/inst/buffer_fclk_clk_0.FCLK_CLK_0_BUFG/O
                         net (fo=26834, routed)       0.962     1.328    design_1_i/top_0/inst/u_cnn_fsm/gen_classifier[1].u_maxpool_fc_argmax/u_fc_layer/clk
    SLICE_X93Y105        FDCE                                         r  design_1_i/top_0/inst/u_cnn_fsm/gen_classifier[1].u_maxpool_fc_argmax/u_fc_layer/fc_out_3_reg[8]/C
                         clock pessimism             -0.268     1.060    
    SLICE_X93Y105        FDCE (Remov_fdce_C_CLR)     -0.092     0.968    design_1_i/top_0/inst/u_cnn_fsm/gen_classifier[1].u_maxpool_fc_argmax/u_fc_layer/fc_out_3_reg[8]
  -------------------------------------------------------------------
                         required time                         -0.968    
                         arrival time                           1.981    
  -------------------------------------------------------------------
                         slack                                  1.013    

Slack (MET) :             1.013ns  (arrival time - required time)
  Source:                 design_1_i/rst_ps7_0_100M/U0/ACTIVE_LOW_PR_OUT_DFF[0].FDRE_PER_N/C
                            (rising edge-triggered cell FDRE clocked by clk_fpga_0  {rise@0.000ns fall@5.000ns period=10.000ns})
  Destination:            design_1_i/top_0/inst/u_cnn_fsm/gen_classifier[1].u_maxpool_fc_argmax/u_fc_layer/fc_out_3_reg[9]/CLR
                            (removal check against rising-edge clock clk_fpga_0  {rise@0.000ns fall@5.000ns period=10.000ns})
  Path Group:             **async_default**
  Path Type:              Removal (Min at Fast Process Corner)
  Requirement:            0.000ns  (clk_fpga_0 rise@0.000ns - clk_fpga_0 rise@0.000ns)
  Data Path Delay:        0.958ns  (logic 0.186ns (19.420%)  route 0.772ns (80.580%))
  Logic Levels:           1  (LUT1=1)
  Clock Path Skew:        0.037ns (DCD - SCD - CPR)
    Destination Clock Delay (DCD):    1.328ns
    Source Clock Delay      (SCD):    1.023ns
    Clock Pessimism Removal (CPR):    0.268ns

    Location             Delay type                Incr(ns)  Path(ns)    Netlist Resource(s)
  -------------------------------------------------------------------    -------------------
                         (clock clk_fpga_0 rise edge)
                                                      0.000     0.000 r  
    PS7_X0Y0             PS7                          0.000     0.000 r  design_1_i/processing_system7_0/inst/PS7_i/FCLKCLK[0]
                         net (fo=1, routed)           0.310     0.310    design_1_i/processing_system7_0/inst/FCLK_CLK_unbuffered[0]
    BUFGCTRL_X0Y16       BUFG (Prop_bufg_I_O)         0.026     0.336 r  design_1_i/processing_system7_0/inst/buffer_fclk_clk_0.FCLK_CLK_0_BUFG/O
                         net (fo=26834, routed)       0.687     1.023    design_1_i/rst_ps7_0_100M/U0/slowest_sync_clk
    SLICE_X101Y137       FDRE                                         r  design_1_i/rst_ps7_0_100M/U0/ACTIVE_LOW_PR_OUT_DFF[0].FDRE_PER_N/C
  -------------------------------------------------------------------    -------------------
    SLICE_X101Y137       FDRE (Prop_fdre_C_Q)         0.141     1.164 r  design_1_i/rst_ps7_0_100M/U0/ACTIVE_LOW_PR_OUT_DFF[0].FDRE_PER_N/Q
                         net (fo=194, routed)         0.592     1.756    design_1_i/top_0/inst/u_cnn_fsm/u_conv2/gen_channel[7].u_slide/resetn
    SLICE_X91Y105        LUT1 (Prop_lut1_I0_O)        0.045     1.801 f  design_1_i/top_0/inst/u_cnn_fsm/u_conv2/gen_channel[7].u_slide/argmax_out[3]_i_2/O
                         net (fo=8772, routed)        0.180     1.981    design_1_i/top_0/inst/u_cnn_fsm/gen_classifier[1].u_maxpool_fc_argmax/u_fc_layer/data_in_r_reg[7]_rep__21_0
    SLICE_X93Y105        FDCE                                         f  design_1_i/top_0/inst/u_cnn_fsm/gen_classifier[1].u_maxpool_fc_argmax/u_fc_layer/fc_out_3_reg[9]/CLR
  -------------------------------------------------------------------    -------------------

                         (clock clk_fpga_0 rise edge)
                                                      0.000     0.000 r  
    PS7_X0Y0             PS7                          0.000     0.000 r  design_1_i/processing_system7_0/inst/PS7_i/FCLKCLK[0]
                         net (fo=1, routed)           0.337     0.337    design_1_i/processing_system7_0/inst/FCLK_CLK_unbuffered[0]
    BUFGCTRL_X0Y16       BUFG (Prop_bufg_I_O)         0.029     0.366 r  design_1_i/processing_system7_0/inst/buffer_fclk_clk_0.FCLK_CLK_0_BUFG/O
                         net (fo=26834, routed)       0.962     1.328    design_1_i/top_0/inst/u_cnn_fsm/gen_classifier[1].u_maxpool_fc_argmax/u_fc_layer/clk
    SLICE_X93Y105        FDCE                                         r  design_1_i/top_0/inst/u_cnn_fsm/gen_classifier[1].u_maxpool_fc_argmax/u_fc_layer/fc_out_3_reg[9]/C
                         clock pessimism             -0.268     1.060    
    SLICE_X93Y105        FDCE (Remov_fdce_C_CLR)     -0.092     0.968    design_1_i/top_0/inst/u_cnn_fsm/gen_classifier[1].u_maxpool_fc_argmax/u_fc_layer/fc_out_3_reg[9]
  -------------------------------------------------------------------
                         required time                         -0.968    
                         arrival time                           1.981    
  -------------------------------------------------------------------
                         slack                                  1.013    

Slack (MET) :             1.055ns  (arrival time - required time)
  Source:                 design_1_i/rst_ps7_0_100M/U0/ACTIVE_LOW_PR_OUT_DFF[0].FDRE_PER_N/C
                            (rising edge-triggered cell FDRE clocked by clk_fpga_0  {rise@0.000ns fall@5.000ns period=10.000ns})
  Destination:            design_1_i/top_0/inst/u_cnn_fsm/gen_classifier[1].u_maxpool_fc_argmax/u_fc_layer/fc_out_3_reg[4]/CLR
                            (removal check against rising-edge clock clk_fpga_0  {rise@0.000ns fall@5.000ns period=10.000ns})
  Path Group:             **async_default**
  Path Type:              Removal (Min at Fast Process Corner)
  Requirement:            0.000ns  (clk_fpga_0 rise@0.000ns - clk_fpga_0 rise@0.000ns)
  Data Path Delay:        1.000ns  (logic 0.186ns (18.606%)  route 0.814ns (81.394%))
  Logic Levels:           1  (LUT1=1)
  Clock Path Skew:        0.037ns (DCD - SCD - CPR)
    Destination Clock Delay (DCD):    1.328ns
    Source Clock Delay      (SCD):    1.023ns
    Clock Pessimism Removal (CPR):    0.268ns

    Location             Delay type                Incr(ns)  Path(ns)    Netlist Resource(s)
  -------------------------------------------------------------------    -------------------
                         (clock clk_fpga_0 rise edge)
                                                      0.000     0.000 r  
    PS7_X0Y0             PS7                          0.000     0.000 r  design_1_i/processing_system7_0/inst/PS7_i/FCLKCLK[0]
                         net (fo=1, routed)           0.310     0.310    design_1_i/processing_system7_0/inst/FCLK_CLK_unbuffered[0]
    BUFGCTRL_X0Y16       BUFG (Prop_bufg_I_O)         0.026     0.336 r  design_1_i/processing_system7_0/inst/buffer_fclk_clk_0.FCLK_CLK_0_BUFG/O
                         net (fo=26834, routed)       0.687     1.023    design_1_i/rst_ps7_0_100M/U0/slowest_sync_clk
    SLICE_X101Y137       FDRE                                         r  design_1_i/rst_ps7_0_100M/U0/ACTIVE_LOW_PR_OUT_DFF[0].FDRE_PER_N/C
  -------------------------------------------------------------------    -------------------
    SLICE_X101Y137       FDRE (Prop_fdre_C_Q)         0.141     1.164 r  design_1_i/rst_ps7_0_100M/U0/ACTIVE_LOW_PR_OUT_DFF[0].FDRE_PER_N/Q
                         net (fo=194, routed)         0.592     1.756    design_1_i/top_0/inst/u_cnn_fsm/u_conv2/gen_channel[7].u_slide/resetn
    SLICE_X91Y105        LUT1 (Prop_lut1_I0_O)        0.045     1.801 f  design_1_i/top_0/inst/u_cnn_fsm/u_conv2/gen_channel[7].u_slide/argmax_out[3]_i_2/O
                         net (fo=8772, routed)        0.222     2.023    design_1_i/top_0/inst/u_cnn_fsm/gen_classifier[1].u_maxpool_fc_argmax/u_fc_layer/data_in_r_reg[7]_rep__21_0
    SLICE_X93Y104        FDCE                                         f  design_1_i/top_0/inst/u_cnn_fsm/gen_classifier[1].u_maxpool_fc_argmax/u_fc_layer/fc_out_3_reg[4]/CLR
  -------------------------------------------------------------------    -------------------

                         (clock clk_fpga_0 rise edge)
                                                      0.000     0.000 r  
    PS7_X0Y0             PS7                          0.000     0.000 r  design_1_i/processing_system7_0/inst/PS7_i/FCLKCLK[0]
                         net (fo=1, routed)           0.337     0.337    design_1_i/processing_system7_0/inst/FCLK_CLK_unbuffered[0]
    BUFGCTRL_X0Y16       BUFG (Prop_bufg_I_O)         0.029     0.366 r  design_1_i/processing_system7_0/inst/buffer_fclk_clk_0.FCLK_CLK_0_BUFG/O
                         net (fo=26834, routed)       0.962     1.328    design_1_i/top_0/inst/u_cnn_fsm/gen_classifier[1].u_maxpool_fc_argmax/u_fc_layer/clk
    SLICE_X93Y104        FDCE                                         r  design_1_i/top_0/inst/u_cnn_fsm/gen_classifier[1].u_maxpool_fc_argmax/u_fc_layer/fc_out_3_reg[4]/C
                         clock pessimism             -0.268     1.060    
    SLICE_X93Y104        FDCE (Remov_fdce_C_CLR)     -0.092     0.968    design_1_i/top_0/inst/u_cnn_fsm/gen_classifier[1].u_maxpool_fc_argmax/u_fc_layer/fc_out_3_reg[4]
  -------------------------------------------------------------------
                         required time                         -0.968    
                         arrival time                           2.023    
  -------------------------------------------------------------------
                         slack                                  1.055    

Slack (MET) :             1.055ns  (arrival time - required time)
  Source:                 design_1_i/rst_ps7_0_100M/U0/ACTIVE_LOW_PR_OUT_DFF[0].FDRE_PER_N/C
                            (rising edge-triggered cell FDRE clocked by clk_fpga_0  {rise@0.000ns fall@5.000ns period=10.000ns})
  Destination:            design_1_i/top_0/inst/u_cnn_fsm/gen_classifier[1].u_maxpool_fc_argmax/u_fc_layer/fc_out_3_reg[5]/CLR
                            (removal check against rising-edge clock clk_fpga_0  {rise@0.000ns fall@5.000ns period=10.000ns})
  Path Group:             **async_default**
  Path Type:              Removal (Min at Fast Process Corner)
  Requirement:            0.000ns  (clk_fpga_0 rise@0.000ns - clk_fpga_0 rise@0.000ns)
  Data Path Delay:        1.000ns  (logic 0.186ns (18.606%)  route 0.814ns (81.394%))
  Logic Levels:           1  (LUT1=1)
  Clock Path Skew:        0.037ns (DCD - SCD - CPR)
    Destination Clock Delay (DCD):    1.328ns
    Source Clock Delay      (SCD):    1.023ns
    Clock Pessimism Removal (CPR):    0.268ns

    Location             Delay type                Incr(ns)  Path(ns)    Netlist Resource(s)
  -------------------------------------------------------------------    -------------------
                         (clock clk_fpga_0 rise edge)
                                                      0.000     0.000 r  
    PS7_X0Y0             PS7                          0.000     0.000 r  design_1_i/processing_system7_0/inst/PS7_i/FCLKCLK[0]
                         net (fo=1, routed)           0.310     0.310    design_1_i/processing_system7_0/inst/FCLK_CLK_unbuffered[0]
    BUFGCTRL_X0Y16       BUFG (Prop_bufg_I_O)         0.026     0.336 r  design_1_i/processing_system7_0/inst/buffer_fclk_clk_0.FCLK_CLK_0_BUFG/O
                         net (fo=26834, routed)       0.687     1.023    design_1_i/rst_ps7_0_100M/U0/slowest_sync_clk
    SLICE_X101Y137       FDRE                                         r  design_1_i/rst_ps7_0_100M/U0/ACTIVE_LOW_PR_OUT_DFF[0].FDRE_PER_N/C
  -------------------------------------------------------------------    -------------------
    SLICE_X101Y137       FDRE (Prop_fdre_C_Q)         0.141     1.164 r  design_1_i/rst_ps7_0_100M/U0/ACTIVE_LOW_PR_OUT_DFF[0].FDRE_PER_N/Q
                         net (fo=194, routed)         0.592     1.756    design_1_i/top_0/inst/u_cnn_fsm/u_conv2/gen_channel[7].u_slide/resetn
    SLICE_X91Y105        LUT1 (Prop_lut1_I0_O)        0.045     1.801 f  design_1_i/top_0/inst/u_cnn_fsm/u_conv2/gen_channel[7].u_slide/argmax_out[3]_i_2/O
                         net (fo=8772, routed)        0.222     2.023    design_1_i/top_0/inst/u_cnn_fsm/gen_classifier[1].u_maxpool_fc_argmax/u_fc_layer/data_in_r_reg[7]_rep__21_0
    SLICE_X93Y104        FDCE                                         f  design_1_i/top_0/inst/u_cnn_fsm/gen_classifier[1].u_maxpool_fc_argmax/u_fc_layer/fc_out_3_reg[5]/CLR
  -------------------------------------------------------------------    -------------------

                         (clock clk_fpga_0 rise edge)
                                                      0.000     0.000 r  
    PS7_X0Y0             PS7                          0.000     0.000 r  design_1_i/processing_system7_0/inst/PS7_i/FCLKCLK[0]
                         net (fo=1, routed)           0.337     0.337    design_1_i/processing_system7_0/inst/FCLK_CLK_unbuffered[0]
    BUFGCTRL_X0Y16       BUFG (Prop_bufg_I_O)         0.029     0.366 r  design_1_i/processing_system7_0/inst/buffer_fclk_clk_0.FCLK_CLK_0_BUFG/O
                         net (fo=26834, routed)       0.962     1.328    design_1_i/top_0/inst/u_cnn_fsm/gen_classifier[1].u_maxpool_fc_argmax/u_fc_layer/clk
    SLICE_X93Y104        FDCE                                         r  design_1_i/top_0/inst/u_cnn_fsm/gen_classifier[1].u_maxpool_fc_argmax/u_fc_layer/fc_out_3_reg[5]/C
                         clock pessimism             -0.268     1.060    
    SLICE_X93Y104        FDCE (Remov_fdce_C_CLR)     -0.092     0.968    design_1_i/top_0/inst/u_cnn_fsm/gen_classifier[1].u_maxpool_fc_argmax/u_fc_layer/fc_out_3_reg[5]
  -------------------------------------------------------------------
                         required time                         -0.968    
                         arrival time                           2.023    
  -------------------------------------------------------------------
                         slack                                  1.055    

Slack (MET) :             1.055ns  (arrival time - required time)
  Source:                 design_1_i/rst_ps7_0_100M/U0/ACTIVE_LOW_PR_OUT_DFF[0].FDRE_PER_N/C
                            (rising edge-triggered cell FDRE clocked by clk_fpga_0  {rise@0.000ns fall@5.000ns period=10.000ns})
  Destination:            design_1_i/top_0/inst/u_cnn_fsm/gen_classifier[1].u_maxpool_fc_argmax/u_fc_layer/fc_out_3_reg[6]/CLR
                            (removal check against rising-edge clock clk_fpga_0  {rise@0.000ns fall@5.000ns period=10.000ns})
  Path Group:             **async_default**
  Path Type:              Removal (Min at Fast Process Corner)
  Requirement:            0.000ns  (clk_fpga_0 rise@0.000ns - clk_fpga_0 rise@0.000ns)
  Data Path Delay:        1.000ns  (logic 0.186ns (18.606%)  route 0.814ns (81.394%))
  Logic Levels:           1  (LUT1=1)
  Clock Path Skew:        0.037ns (DCD - SCD - CPR)
    Destination Clock Delay (DCD):    1.328ns
    Source Clock Delay      (SCD):    1.023ns
    Clock Pessimism Removal (CPR):    0.268ns

    Location             Delay type                Incr(ns)  Path(ns)    Netlist Resource(s)
  -------------------------------------------------------------------    -------------------
                         (clock clk_fpga_0 rise edge)
                                                      0.000     0.000 r  
    PS7_X0Y0             PS7                          0.000     0.000 r  design_1_i/processing_system7_0/inst/PS7_i/FCLKCLK[0]
                         net (fo=1, routed)           0.310     0.310    design_1_i/processing_system7_0/inst/FCLK_CLK_unbuffered[0]
    BUFGCTRL_X0Y16       BUFG (Prop_bufg_I_O)         0.026     0.336 r  design_1_i/processing_system7_0/inst/buffer_fclk_clk_0.FCLK_CLK_0_BUFG/O
                         net (fo=26834, routed)       0.687     1.023    design_1_i/rst_ps7_0_100M/U0/slowest_sync_clk
    SLICE_X101Y137       FDRE                                         r  design_1_i/rst_ps7_0_100M/U0/ACTIVE_LOW_PR_OUT_DFF[0].FDRE_PER_N/C
  -------------------------------------------------------------------    -------------------
    SLICE_X101Y137       FDRE (Prop_fdre_C_Q)         0.141     1.164 r  design_1_i/rst_ps7_0_100M/U0/ACTIVE_LOW_PR_OUT_DFF[0].FDRE_PER_N/Q
                         net (fo=194, routed)         0.592     1.756    design_1_i/top_0/inst/u_cnn_fsm/u_conv2/gen_channel[7].u_slide/resetn
    SLICE_X91Y105        LUT1 (Prop_lut1_I0_O)        0.045     1.801 f  design_1_i/top_0/inst/u_cnn_fsm/u_conv2/gen_channel[7].u_slide/argmax_out[3]_i_2/O
                         net (fo=8772, routed)        0.222     2.023    design_1_i/top_0/inst/u_cnn_fsm/gen_classifier[1].u_maxpool_fc_argmax/u_fc_layer/data_in_r_reg[7]_rep__21_0
    SLICE_X93Y104        FDCE                                         f  design_1_i/top_0/inst/u_cnn_fsm/gen_classifier[1].u_maxpool_fc_argmax/u_fc_layer/fc_out_3_reg[6]/CLR
  -------------------------------------------------------------------    -------------------

                         (clock clk_fpga_0 rise edge)
                                                      0.000     0.000 r  
    PS7_X0Y0             PS7                          0.000     0.000 r  design_1_i/processing_system7_0/inst/PS7_i/FCLKCLK[0]
                         net (fo=1, routed)           0.337     0.337    design_1_i/processing_system7_0/inst/FCLK_CLK_unbuffered[0]
    BUFGCTRL_X0Y16       BUFG (Prop_bufg_I_O)         0.029     0.366 r  design_1_i/processing_system7_0/inst/buffer_fclk_clk_0.FCLK_CLK_0_BUFG/O
                         net (fo=26834, routed)       0.962     1.328    design_1_i/top_0/inst/u_cnn_fsm/gen_classifier[1].u_maxpool_fc_argmax/u_fc_layer/clk
    SLICE_X93Y104        FDCE                                         r  design_1_i/top_0/inst/u_cnn_fsm/gen_classifier[1].u_maxpool_fc_argmax/u_fc_layer/fc_out_3_reg[6]/C
                         clock pessimism             -0.268     1.060    
    SLICE_X93Y104        FDCE (Remov_fdce_C_CLR)     -0.092     0.968    design_1_i/top_0/inst/u_cnn_fsm/gen_classifier[1].u_maxpool_fc_argmax/u_fc_layer/fc_out_3_reg[6]
  -------------------------------------------------------------------
                         required time                         -0.968    
                         arrival time                           2.023    
  -------------------------------------------------------------------
                         slack                                  1.055    

Slack (MET) :             1.055ns  (arrival time - required time)
  Source:                 design_1_i/rst_ps7_0_100M/U0/ACTIVE_LOW_PR_OUT_DFF[0].FDRE_PER_N/C
                            (rising edge-triggered cell FDRE clocked by clk_fpga_0  {rise@0.000ns fall@5.000ns period=10.000ns})
  Destination:            design_1_i/top_0/inst/u_cnn_fsm/gen_classifier[1].u_maxpool_fc_argmax/u_fc_layer/fc_out_3_reg[7]/CLR
                            (removal check against rising-edge clock clk_fpga_0  {rise@0.000ns fall@5.000ns period=10.000ns})
  Path Group:             **async_default**
  Path Type:              Removal (Min at Fast Process Corner)
  Requirement:            0.000ns  (clk_fpga_0 rise@0.000ns - clk_fpga_0 rise@0.000ns)
  Data Path Delay:        1.000ns  (logic 0.186ns (18.606%)  route 0.814ns (81.394%))
  Logic Levels:           1  (LUT1=1)
  Clock Path Skew:        0.037ns (DCD - SCD - CPR)
    Destination Clock Delay (DCD):    1.328ns
    Source Clock Delay      (SCD):    1.023ns
    Clock Pessimism Removal (CPR):    0.268ns

    Location             Delay type                Incr(ns)  Path(ns)    Netlist Resource(s)
  -------------------------------------------------------------------    -------------------
                         (clock clk_fpga_0 rise edge)
                                                      0.000     0.000 r  
    PS7_X0Y0             PS7                          0.000     0.000 r  design_1_i/processing_system7_0/inst/PS7_i/FCLKCLK[0]
                         net (fo=1, routed)           0.310     0.310    design_1_i/processing_system7_0/inst/FCLK_CLK_unbuffered[0]
    BUFGCTRL_X0Y16       BUFG (Prop_bufg_I_O)         0.026     0.336 r  design_1_i/processing_system7_0/inst/buffer_fclk_clk_0.FCLK_CLK_0_BUFG/O
                         net (fo=26834, routed)       0.687     1.023    design_1_i/rst_ps7_0_100M/U0/slowest_sync_clk
    SLICE_X101Y137       FDRE                                         r  design_1_i/rst_ps7_0_100M/U0/ACTIVE_LOW_PR_OUT_DFF[0].FDRE_PER_N/C
  -------------------------------------------------------------------    -------------------
    SLICE_X101Y137       FDRE (Prop_fdre_C_Q)         0.141     1.164 r  design_1_i/rst_ps7_0_100M/U0/ACTIVE_LOW_PR_OUT_DFF[0].FDRE_PER_N/Q
                         net (fo=194, routed)         0.592     1.756    design_1_i/top_0/inst/u_cnn_fsm/u_conv2/gen_channel[7].u_slide/resetn
    SLICE_X91Y105        LUT1 (Prop_lut1_I0_O)        0.045     1.801 f  design_1_i/top_0/inst/u_cnn_fsm/u_conv2/gen_channel[7].u_slide/argmax_out[3]_i_2/O
                         net (fo=8772, routed)        0.222     2.023    design_1_i/top_0/inst/u_cnn_fsm/gen_classifier[1].u_maxpool_fc_argmax/u_fc_layer/data_in_r_reg[7]_rep__21_0
    SLICE_X93Y104        FDCE                                         f  design_1_i/top_0/inst/u_cnn_fsm/gen_classifier[1].u_maxpool_fc_argmax/u_fc_layer/fc_out_3_reg[7]/CLR
  -------------------------------------------------------------------    -------------------

                         (clock clk_fpga_0 rise edge)
                                                      0.000     0.000 r  
    PS7_X0Y0             PS7                          0.000     0.000 r  design_1_i/processing_system7_0/inst/PS7_i/FCLKCLK[0]
                         net (fo=1, routed)           0.337     0.337    design_1_i/processing_system7_0/inst/FCLK_CLK_unbuffered[0]
    BUFGCTRL_X0Y16       BUFG (Prop_bufg_I_O)         0.029     0.366 r  design_1_i/processing_system7_0/inst/buffer_fclk_clk_0.FCLK_CLK_0_BUFG/O
                         net (fo=26834, routed)       0.962     1.328    design_1_i/top_0/inst/u_cnn_fsm/gen_classifier[1].u_maxpool_fc_argmax/u_fc_layer/clk
    SLICE_X93Y104        FDCE                                         r  design_1_i/top_0/inst/u_cnn_fsm/gen_classifier[1].u_maxpool_fc_argmax/u_fc_layer/fc_out_3_reg[7]/C
                         clock pessimism             -0.268     1.060    
    SLICE_X93Y104        FDCE (Remov_fdce_C_CLR)     -0.092     0.968    design_1_i/top_0/inst/u_cnn_fsm/gen_classifier[1].u_maxpool_fc_argmax/u_fc_layer/fc_out_3_reg[7]
  -------------------------------------------------------------------
                         required time                         -0.968    
                         arrival time                           2.023    
  -------------------------------------------------------------------
                         slack                                  1.055    

Slack (MET) :             1.088ns  (arrival time - required time)
  Source:                 design_1_i/rst_ps7_0_100M/U0/ACTIVE_LOW_PR_OUT_DFF[0].FDRE_PER_N/C
                            (rising edge-triggered cell FDRE clocked by clk_fpga_0  {rise@0.000ns fall@5.000ns period=10.000ns})
  Destination:            design_1_i/top_0/inst/u_cnn_fsm/gen_classifier[1].u_maxpool_fc_argmax/u_fc_layer/fc_out_2_reg[4]/CLR
                            (removal check against rising-edge clock clk_fpga_0  {rise@0.000ns fall@5.000ns period=10.000ns})
  Path Group:             **async_default**
  Path Type:              Removal (Min at Fast Process Corner)
  Requirement:            0.000ns  (clk_fpga_0 rise@0.000ns - clk_fpga_0 rise@0.000ns)
  Data Path Delay:        1.035ns  (logic 0.186ns (17.969%)  route 0.849ns (82.031%))
  Logic Levels:           1  (LUT1=1)
  Clock Path Skew:        0.039ns (DCD - SCD - CPR)
    Destination Clock Delay (DCD):    1.330ns
    Source Clock Delay      (SCD):    1.023ns
    Clock Pessimism Removal (CPR):    0.268ns

    Location             Delay type                Incr(ns)  Path(ns)    Netlist Resource(s)
  -------------------------------------------------------------------    -------------------
                         (clock clk_fpga_0 rise edge)
                                                      0.000     0.000 r  
    PS7_X0Y0             PS7                          0.000     0.000 r  design_1_i/processing_system7_0/inst/PS7_i/FCLKCLK[0]
                         net (fo=1, routed)           0.310     0.310    design_1_i/processing_system7_0/inst/FCLK_CLK_unbuffered[0]
    BUFGCTRL_X0Y16       BUFG (Prop_bufg_I_O)         0.026     0.336 r  design_1_i/processing_system7_0/inst/buffer_fclk_clk_0.FCLK_CLK_0_BUFG/O
                         net (fo=26834, routed)       0.687     1.023    design_1_i/rst_ps7_0_100M/U0/slowest_sync_clk
    SLICE_X101Y137       FDRE                                         r  design_1_i/rst_ps7_0_100M/U0/ACTIVE_LOW_PR_OUT_DFF[0].FDRE_PER_N/C
  -------------------------------------------------------------------    -------------------
    SLICE_X101Y137       FDRE (Prop_fdre_C_Q)         0.141     1.164 r  design_1_i/rst_ps7_0_100M/U0/ACTIVE_LOW_PR_OUT_DFF[0].FDRE_PER_N/Q
                         net (fo=194, routed)         0.592     1.756    design_1_i/top_0/inst/u_cnn_fsm/u_conv2/gen_channel[7].u_slide/resetn
    SLICE_X91Y105        LUT1 (Prop_lut1_I0_O)        0.045     1.801 f  design_1_i/top_0/inst/u_cnn_fsm/u_conv2/gen_channel[7].u_slide/argmax_out[3]_i_2/O
                         net (fo=8772, routed)        0.257     2.058    design_1_i/top_0/inst/u_cnn_fsm/gen_classifier[1].u_maxpool_fc_argmax/u_fc_layer/data_in_r_reg[7]_rep__21_0
    SLICE_X95Y101        FDCE                                         f  design_1_i/top_0/inst/u_cnn_fsm/gen_classifier[1].u_maxpool_fc_argmax/u_fc_layer/fc_out_2_reg[4]/CLR
  -------------------------------------------------------------------    -------------------

                         (clock clk_fpga_0 rise edge)
                                                      0.000     0.000 r  
    PS7_X0Y0             PS7                          0.000     0.000 r  design_1_i/processing_system7_0/inst/PS7_i/FCLKCLK[0]
                         net (fo=1, routed)           0.337     0.337    design_1_i/processing_system7_0/inst/FCLK_CLK_unbuffered[0]
    BUFGCTRL_X0Y16       BUFG (Prop_bufg_I_O)         0.029     0.366 r  design_1_i/processing_system7_0/inst/buffer_fclk_clk_0.FCLK_CLK_0_BUFG/O
                         net (fo=26834, routed)       0.964     1.330    design_1_i/top_0/inst/u_cnn_fsm/gen_classifier[1].u_maxpool_fc_argmax/u_fc_layer/clk
    SLICE_X95Y101        FDCE                                         r  design_1_i/top_0/inst/u_cnn_fsm/gen_classifier[1].u_maxpool_fc_argmax/u_fc_layer/fc_out_2_reg[4]/C
                         clock pessimism             -0.268     1.062    
    SLICE_X95Y101        FDCE (Remov_fdce_C_CLR)     -0.092     0.970    design_1_i/top_0/inst/u_cnn_fsm/gen_classifier[1].u_maxpool_fc_argmax/u_fc_layer/fc_out_2_reg[4]
  -------------------------------------------------------------------
                         required time                         -0.970    
                         arrival time                           2.058    
  -------------------------------------------------------------------
                         slack                                  1.088    

Slack (MET) :             1.088ns  (arrival time - required time)
  Source:                 design_1_i/rst_ps7_0_100M/U0/ACTIVE_LOW_PR_OUT_DFF[0].FDRE_PER_N/C
                            (rising edge-triggered cell FDRE clocked by clk_fpga_0  {rise@0.000ns fall@5.000ns period=10.000ns})
  Destination:            design_1_i/top_0/inst/u_cnn_fsm/gen_classifier[1].u_maxpool_fc_argmax/u_fc_layer/fc_out_2_reg[5]/CLR
                            (removal check against rising-edge clock clk_fpga_0  {rise@0.000ns fall@5.000ns period=10.000ns})
  Path Group:             **async_default**
  Path Type:              Removal (Min at Fast Process Corner)
  Requirement:            0.000ns  (clk_fpga_0 rise@0.000ns - clk_fpga_0 rise@0.000ns)
  Data Path Delay:        1.035ns  (logic 0.186ns (17.969%)  route 0.849ns (82.031%))
  Logic Levels:           1  (LUT1=1)
  Clock Path Skew:        0.039ns (DCD - SCD - CPR)
    Destination Clock Delay (DCD):    1.330ns
    Source Clock Delay      (SCD):    1.023ns
    Clock Pessimism Removal (CPR):    0.268ns

    Location             Delay type                Incr(ns)  Path(ns)    Netlist Resource(s)
  -------------------------------------------------------------------    -------------------
                         (clock clk_fpga_0 rise edge)
                                                      0.000     0.000 r  
    PS7_X0Y0             PS7                          0.000     0.000 r  design_1_i/processing_system7_0/inst/PS7_i/FCLKCLK[0]
                         net (fo=1, routed)           0.310     0.310    design_1_i/processing_system7_0/inst/FCLK_CLK_unbuffered[0]
    BUFGCTRL_X0Y16       BUFG (Prop_bufg_I_O)         0.026     0.336 r  design_1_i/processing_system7_0/inst/buffer_fclk_clk_0.FCLK_CLK_0_BUFG/O
                         net (fo=26834, routed)       0.687     1.023    design_1_i/rst_ps7_0_100M/U0/slowest_sync_clk
    SLICE_X101Y137       FDRE                                         r  design_1_i/rst_ps7_0_100M/U0/ACTIVE_LOW_PR_OUT_DFF[0].FDRE_PER_N/C
  -------------------------------------------------------------------    -------------------
    SLICE_X101Y137       FDRE (Prop_fdre_C_Q)         0.141     1.164 r  design_1_i/rst_ps7_0_100M/U0/ACTIVE_LOW_PR_OUT_DFF[0].FDRE_PER_N/Q
                         net (fo=194, routed)         0.592     1.756    design_1_i/top_0/inst/u_cnn_fsm/u_conv2/gen_channel[7].u_slide/resetn
    SLICE_X91Y105        LUT1 (Prop_lut1_I0_O)        0.045     1.801 f  design_1_i/top_0/inst/u_cnn_fsm/u_conv2/gen_channel[7].u_slide/argmax_out[3]_i_2/O
                         net (fo=8772, routed)        0.257     2.058    design_1_i/top_0/inst/u_cnn_fsm/gen_classifier[1].u_maxpool_fc_argmax/u_fc_layer/data_in_r_reg[7]_rep__21_0
    SLICE_X95Y101        FDCE                                         f  design_1_i/top_0/inst/u_cnn_fsm/gen_classifier[1].u_maxpool_fc_argmax/u_fc_layer/fc_out_2_reg[5]/CLR
  -------------------------------------------------------------------    -------------------

                         (clock clk_fpga_0 rise edge)
                                                      0.000     0.000 r  
    PS7_X0Y0             PS7                          0.000     0.000 r  design_1_i/processing_system7_0/inst/PS7_i/FCLKCLK[0]
                         net (fo=1, routed)           0.337     0.337    design_1_i/processing_system7_0/inst/FCLK_CLK_unbuffered[0]
    BUFGCTRL_X0Y16       BUFG (Prop_bufg_I_O)         0.029     0.366 r  design_1_i/processing_system7_0/inst/buffer_fclk_clk_0.FCLK_CLK_0_BUFG/O
                         net (fo=26834, routed)       0.964     1.330    design_1_i/top_0/inst/u_cnn_fsm/gen_classifier[1].u_maxpool_fc_argmax/u_fc_layer/clk
    SLICE_X95Y101        FDCE                                         r  design_1_i/top_0/inst/u_cnn_fsm/gen_classifier[1].u_maxpool_fc_argmax/u_fc_layer/fc_out_2_reg[5]/C
                         clock pessimism             -0.268     1.062    
    SLICE_X95Y101        FDCE (Remov_fdce_C_CLR)     -0.092     0.970    design_1_i/top_0/inst/u_cnn_fsm/gen_classifier[1].u_maxpool_fc_argmax/u_fc_layer/fc_out_2_reg[5]
  -------------------------------------------------------------------
                         required time                         -0.970    
                         arrival time                           2.058    
  -------------------------------------------------------------------
                         slack                                  1.088    





--------------------------------------------------------------------------------------
Path Group:  (none)
From Clock:  
  To Clock:  clk_fpga_0

Max Delay             1 Endpoint
Min Delay             1 Endpoint
--------------------------------------------------------------------------------------


Max Delay Paths
--------------------------------------------------------------------------------------
Slack:                    inf
  Source:                 resetn
                            (input port)
  Destination:            design_1_i/rst_ps7_0_100M/U0/EXT_LPF/ACTIVE_LOW_EXT.ACT_LO_EXT/GENERATE_LEVEL_P_S_CDC.SINGLE_BIT.CROSS_PLEVEL_IN2SCNDRY_IN_cdc_to/D
                            (rising edge-triggered cell FDRE clocked by clk_fpga_0  {rise@0.000ns fall@5.000ns period=10.000ns})
  Path Group:             (none)
  Path Type:              Setup (Max at Slow Process Corner)
  Data Path Delay:        3.002ns  (logic 1.666ns (55.498%)  route 1.336ns (44.502%))
  Logic Levels:           2  (IBUF=1 LUT1=1)
  Clock Path Skew:        3.033ns (DCD - SCD + CPR)
    Destination Clock Delay (DCD):    3.033ns
    Source Clock Delay      (SCD):    0.000ns
    Clock Pessimism Removal (CPR):    0.000ns
  Clock Uncertainty:      0.152ns  ((TSJ^2 + TIJ^2)^1/2 + DJ) / 2 + PE
    Total System Jitter     (TSJ):    0.050ns
    Total Input Jitter      (TIJ):    0.300ns
    Discrete Jitter          (DJ):    0.000ns
    Phase Error              (PE):    0.000ns
  Timing Exception:       False Path

    Location             Delay type                Incr(ns)  Path(ns)    Netlist Resource(s)
  -------------------------------------------------------------------    -------------------
    M20                                               0.000     0.000 f  resetn (IN)
                         net (fo=0)                   0.000     0.000    resetn
    M20                  IBUF (Prop_ibuf_I_O)         1.542     1.542 f  resetn_IBUF_inst/O
                         net (fo=1, routed)           1.336     2.878    design_1_i/rst_ps7_0_100M/U0/EXT_LPF/ACTIVE_LOW_EXT.ACT_LO_EXT/ext_reset_in
    SLICE_X109Y138       LUT1 (Prop_lut1_I0_O)        0.124     3.002 r  design_1_i/rst_ps7_0_100M/U0/EXT_LPF/ACTIVE_LOW_EXT.ACT_LO_EXT/GENERATE_LEVEL_P_S_CDC.SINGLE_BIT.CROSS_PLEVEL_IN2SCNDRY_IN_cdc_to_i_1/O
                         net (fo=1, routed)           0.000     3.002    design_1_i/rst_ps7_0_100M/U0/EXT_LPF/ACTIVE_LOW_EXT.ACT_LO_EXT/exr_d1
    SLICE_X109Y138       FDRE                                         r  design_1_i/rst_ps7_0_100M/U0/EXT_LPF/ACTIVE_LOW_EXT.ACT_LO_EXT/GENERATE_LEVEL_P_S_CDC.SINGLE_BIT.CROSS_PLEVEL_IN2SCNDRY_IN_cdc_to/D
  -------------------------------------------------------------------    -------------------

                         (clock clk_fpga_0 rise edge)
                                                      0.000     0.000 r  
    PS7_X0Y0             PS7                          0.000     0.000 r  design_1_i/processing_system7_0/inst/PS7_i/FCLKCLK[0]
                         net (fo=1, routed)           1.088     1.088    design_1_i/processing_system7_0/inst/FCLK_CLK_unbuffered[0]
    BUFGCTRL_X0Y16       BUFG (Prop_bufg_I_O)         0.091     1.179 r  design_1_i/processing_system7_0/inst/buffer_fclk_clk_0.FCLK_CLK_0_BUFG/O
                         net (fo=26834, routed)       1.854     3.033    design_1_i/rst_ps7_0_100M/U0/EXT_LPF/ACTIVE_LOW_EXT.ACT_LO_EXT/slowest_sync_clk
    SLICE_X109Y138       FDRE                                         r  design_1_i/rst_ps7_0_100M/U0/EXT_LPF/ACTIVE_LOW_EXT.ACT_LO_EXT/GENERATE_LEVEL_P_S_CDC.SINGLE_BIT.CROSS_PLEVEL_IN2SCNDRY_IN_cdc_to/C





Min Delay Paths
--------------------------------------------------------------------------------------
Slack:                    inf
  Source:                 resetn
                            (input port)
  Destination:            design_1_i/rst_ps7_0_100M/U0/EXT_LPF/ACTIVE_LOW_EXT.ACT_LO_EXT/GENERATE_LEVEL_P_S_CDC.SINGLE_BIT.CROSS_PLEVEL_IN2SCNDRY_IN_cdc_to/D
                            (rising edge-triggered cell FDRE clocked by clk_fpga_0  {rise@0.000ns fall@5.000ns period=10.000ns})
  Path Group:             (none)
  Path Type:              Hold (Min at Fast Process Corner)
  Data Path Delay:        0.867ns  (logic 0.354ns (40.906%)  route 0.512ns (59.094%))
  Logic Levels:           2  (IBUF=1 LUT1=1)
  Clock Path Skew:        1.355ns (DCD - SCD - CPR)
    Destination Clock Delay (DCD):    1.355ns
    Source Clock Delay      (SCD):    0.000ns
    Clock Pessimism Removal (CPR):    -0.000ns
  Timing Exception:       False Path

    Location             Delay type                Incr(ns)  Path(ns)    Netlist Resource(s)
  -------------------------------------------------------------------    -------------------
    M20                                               0.000     0.000 f  resetn (IN)
                         net (fo=0)                   0.000     0.000    resetn
    M20                  IBUF (Prop_ibuf_I_O)         0.309     0.309 f  resetn_IBUF_inst/O
                         net (fo=1, routed)           0.512     0.822    design_1_i/rst_ps7_0_100M/U0/EXT_LPF/ACTIVE_LOW_EXT.ACT_LO_EXT/ext_reset_in
    SLICE_X109Y138       LUT1 (Prop_lut1_I0_O)        0.045     0.867 r  design_1_i/rst_ps7_0_100M/U0/EXT_LPF/ACTIVE_LOW_EXT.ACT_LO_EXT/GENERATE_LEVEL_P_S_CDC.SINGLE_BIT.CROSS_PLEVEL_IN2SCNDRY_IN_cdc_to_i_1/O
                         net (fo=1, routed)           0.000     0.867    design_1_i/rst_ps7_0_100M/U0/EXT_LPF/ACTIVE_LOW_EXT.ACT_LO_EXT/exr_d1
    SLICE_X109Y138       FDRE                                         r  design_1_i/rst_ps7_0_100M/U0/EXT_LPF/ACTIVE_LOW_EXT.ACT_LO_EXT/GENERATE_LEVEL_P_S_CDC.SINGLE_BIT.CROSS_PLEVEL_IN2SCNDRY_IN_cdc_to/D
  -------------------------------------------------------------------    -------------------

                         (clock clk_fpga_0 rise edge)
                                                      0.000     0.000 r  
    PS7_X0Y0             PS7                          0.000     0.000 r  design_1_i/processing_system7_0/inst/PS7_i/FCLKCLK[0]
                         net (fo=1, routed)           0.337     0.337    design_1_i/processing_system7_0/inst/FCLK_CLK_unbuffered[0]
    BUFGCTRL_X0Y16       BUFG (Prop_bufg_I_O)         0.029     0.366 r  design_1_i/processing_system7_0/inst/buffer_fclk_clk_0.FCLK_CLK_0_BUFG/O
                         net (fo=26834, routed)       0.989     1.355    design_1_i/rst_ps7_0_100M/U0/EXT_LPF/ACTIVE_LOW_EXT.ACT_LO_EXT/slowest_sync_clk
    SLICE_X109Y138       FDRE                                         r  design_1_i/rst_ps7_0_100M/U0/EXT_LPF/ACTIVE_LOW_EXT.ACT_LO_EXT/GENERATE_LEVEL_P_S_CDC.SINGLE_BIT.CROSS_PLEVEL_IN2SCNDRY_IN_cdc_to/C





--------------------------------------------------------------------------------------
Path Group:  (none)
From Clock:  clk_fpga_0
  To Clock:  clk_fpga_0

Max Delay           258 Endpoints
Min Delay           258 Endpoints
--------------------------------------------------------------------------------------


Max Delay Paths
--------------------------------------------------------------------------------------
Slack:                    inf
  Source:                 design_1_i/smartconnect_0/inst/clk_map/psr_aclk/U0/ACTIVE_LOW_BSR_OUT_DFF[0].FDRE_BSR_N/C
                            (rising edge-triggered cell FDRE clocked by clk_fpga_0  {rise@0.000ns fall@5.000ns period=10.000ns})
  Destination:            design_1_i/smartconnect_0/inst/m01_nodes/m01_w_node/inst/s_sc_xpm_cdc_async_rst_inst/arststages_ff_reg[0]/CLR
                            (recovery check against rising-edge clock clk_fpga_0  {rise@0.000ns fall@5.000ns period=10.000ns})
  Path Group:             (none)
  Path Type:              Recovery (Max at Slow Process Corner)
  Data Path Delay:        16.916ns  (logic 0.580ns (3.429%)  route 16.336ns (96.571%))
  Logic Levels:           1  (LUT1=1)
  Clock Path Skew:        -0.636ns (DCD - SCD + CPR)
    Destination Clock Delay (DCD):    2.635ns
    Source Clock Delay      (SCD):    3.271ns
    Clock Pessimism Removal (CPR):    0.000ns
  Clock Uncertainty:      0.154ns  ((TSJ^2 + TIJ^2)^1/2 + DJ) / 2 + PE
    Total System Jitter     (TSJ):    0.071ns
    Total Input Jitter      (TIJ):    0.300ns
    Discrete Jitter          (DJ):    0.000ns
    Phase Error              (PE):    0.000ns
  Timing Exception:       False Path

    Location             Delay type                Incr(ns)  Path(ns)    Netlist Resource(s)
  -------------------------------------------------------------------    -------------------
                         (clock clk_fpga_0 rise edge)
                                                      0.000     0.000 r  
    PS7_X0Y0             PS7                          0.000     0.000 r  design_1_i/processing_system7_0/inst/PS7_i/FCLKCLK[0]
                         net (fo=1, routed)           1.193     1.193    design_1_i/processing_system7_0/inst/FCLK_CLK_unbuffered[0]
    BUFGCTRL_X0Y16       BUFG (Prop_bufg_I_O)         0.101     1.294 r  design_1_i/processing_system7_0/inst/buffer_fclk_clk_0.FCLK_CLK_0_BUFG/O
                         net (fo=26834, routed)       1.977     3.271    design_1_i/smartconnect_0/inst/clk_map/psr_aclk/U0/aclk
    SLICE_X101Y143       FDRE                                         r  design_1_i/smartconnect_0/inst/clk_map/psr_aclk/U0/ACTIVE_LOW_BSR_OUT_DFF[0].FDRE_BSR_N/C
  -------------------------------------------------------------------    -------------------
    SLICE_X101Y143       FDRE (Prop_fdre_C_Q)         0.456     3.727 r  design_1_i/smartconnect_0/inst/clk_map/psr_aclk/U0/ACTIVE_LOW_BSR_OUT_DFF[0].FDRE_BSR_N/Q
                         net (fo=86, routed)         15.598    19.325    design_1_i/smartconnect_0/inst/m01_nodes/m01_w_node/inst/s_sc_xpm_cdc_async_rst_inst/src_arst
    SLICE_X63Y68         LUT1 (Prop_lut1_I0_O)        0.124    19.449 f  design_1_i/smartconnect_0/inst/m01_nodes/m01_w_node/inst/s_sc_xpm_cdc_async_rst_inst/arststages_ff[2]_i_1/O
                         net (fo=3, routed)           0.739    20.187    design_1_i/smartconnect_0/inst/m01_nodes/m01_w_node/inst/s_sc_xpm_cdc_async_rst_inst/reset_pol
    SLICE_X53Y68         FDCE                                         f  design_1_i/smartconnect_0/inst/m01_nodes/m01_w_node/inst/s_sc_xpm_cdc_async_rst_inst/arststages_ff_reg[0]/CLR
  -------------------------------------------------------------------    -------------------

                         (clock clk_fpga_0 rise edge)
                                                      0.000     0.000 r  
    PS7_X0Y0             PS7                          0.000     0.000 r  design_1_i/processing_system7_0/inst/PS7_i/FCLKCLK[0]
                         net (fo=1, routed)           1.088     1.088    design_1_i/processing_system7_0/inst/FCLK_CLK_unbuffered[0]
    BUFGCTRL_X0Y16       BUFG (Prop_bufg_I_O)         0.091     1.179 r  design_1_i/processing_system7_0/inst/buffer_fclk_clk_0.FCLK_CLK_0_BUFG/O
                         net (fo=26834, routed)       1.456     2.635    design_1_i/smartconnect_0/inst/m01_nodes/m01_w_node/inst/s_sc_xpm_cdc_async_rst_inst/dest_clk
    SLICE_X53Y68         FDCE                                         r  design_1_i/smartconnect_0/inst/m01_nodes/m01_w_node/inst/s_sc_xpm_cdc_async_rst_inst/arststages_ff_reg[0]/C

Slack:                    inf
  Source:                 design_1_i/smartconnect_0/inst/clk_map/psr_aclk/U0/ACTIVE_LOW_BSR_OUT_DFF[0].FDRE_BSR_N/C
                            (rising edge-triggered cell FDRE clocked by clk_fpga_0  {rise@0.000ns fall@5.000ns period=10.000ns})
  Destination:            design_1_i/smartconnect_0/inst/m01_nodes/m01_w_node/inst/s_sc_xpm_cdc_async_rst_inst/arststages_ff_reg[1]/CLR
                            (recovery check against rising-edge clock clk_fpga_0  {rise@0.000ns fall@5.000ns period=10.000ns})
  Path Group:             (none)
  Path Type:              Recovery (Max at Slow Process Corner)
  Data Path Delay:        16.916ns  (logic 0.580ns (3.429%)  route 16.336ns (96.571%))
  Logic Levels:           1  (LUT1=1)
  Clock Path Skew:        -0.636ns (DCD - SCD + CPR)
    Destination Clock Delay (DCD):    2.635ns
    Source Clock Delay      (SCD):    3.271ns
    Clock Pessimism Removal (CPR):    0.000ns
  Clock Uncertainty:      0.154ns  ((TSJ^2 + TIJ^2)^1/2 + DJ) / 2 + PE
    Total System Jitter     (TSJ):    0.071ns
    Total Input Jitter      (TIJ):    0.300ns
    Discrete Jitter          (DJ):    0.000ns
    Phase Error              (PE):    0.000ns
  Timing Exception:       False Path

    Location             Delay type                Incr(ns)  Path(ns)    Netlist Resource(s)
  -------------------------------------------------------------------    -------------------
                         (clock clk_fpga_0 rise edge)
                                                      0.000     0.000 r  
    PS7_X0Y0             PS7                          0.000     0.000 r  design_1_i/processing_system7_0/inst/PS7_i/FCLKCLK[0]
                         net (fo=1, routed)           1.193     1.193    design_1_i/processing_system7_0/inst/FCLK_CLK_unbuffered[0]
    BUFGCTRL_X0Y16       BUFG (Prop_bufg_I_O)         0.101     1.294 r  design_1_i/processing_system7_0/inst/buffer_fclk_clk_0.FCLK_CLK_0_BUFG/O
                         net (fo=26834, routed)       1.977     3.271    design_1_i/smartconnect_0/inst/clk_map/psr_aclk/U0/aclk
    SLICE_X101Y143       FDRE                                         r  design_1_i/smartconnect_0/inst/clk_map/psr_aclk/U0/ACTIVE_LOW_BSR_OUT_DFF[0].FDRE_BSR_N/C
  -------------------------------------------------------------------    -------------------
    SLICE_X101Y143       FDRE (Prop_fdre_C_Q)         0.456     3.727 r  design_1_i/smartconnect_0/inst/clk_map/psr_aclk/U0/ACTIVE_LOW_BSR_OUT_DFF[0].FDRE_BSR_N/Q
                         net (fo=86, routed)         15.598    19.325    design_1_i/smartconnect_0/inst/m01_nodes/m01_w_node/inst/s_sc_xpm_cdc_async_rst_inst/src_arst
    SLICE_X63Y68         LUT1 (Prop_lut1_I0_O)        0.124    19.449 f  design_1_i/smartconnect_0/inst/m01_nodes/m01_w_node/inst/s_sc_xpm_cdc_async_rst_inst/arststages_ff[2]_i_1/O
                         net (fo=3, routed)           0.739    20.187    design_1_i/smartconnect_0/inst/m01_nodes/m01_w_node/inst/s_sc_xpm_cdc_async_rst_inst/reset_pol
    SLICE_X53Y68         FDCE                                         f  design_1_i/smartconnect_0/inst/m01_nodes/m01_w_node/inst/s_sc_xpm_cdc_async_rst_inst/arststages_ff_reg[1]/CLR
  -------------------------------------------------------------------    -------------------

                         (clock clk_fpga_0 rise edge)
                                                      0.000     0.000 r  
    PS7_X0Y0             PS7                          0.000     0.000 r  design_1_i/processing_system7_0/inst/PS7_i/FCLKCLK[0]
                         net (fo=1, routed)           1.088     1.088    design_1_i/processing_system7_0/inst/FCLK_CLK_unbuffered[0]
    BUFGCTRL_X0Y16       BUFG (Prop_bufg_I_O)         0.091     1.179 r  design_1_i/processing_system7_0/inst/buffer_fclk_clk_0.FCLK_CLK_0_BUFG/O
                         net (fo=26834, routed)       1.456     2.635    design_1_i/smartconnect_0/inst/m01_nodes/m01_w_node/inst/s_sc_xpm_cdc_async_rst_inst/dest_clk
    SLICE_X53Y68         FDCE                                         r  design_1_i/smartconnect_0/inst/m01_nodes/m01_w_node/inst/s_sc_xpm_cdc_async_rst_inst/arststages_ff_reg[1]/C

Slack:                    inf
  Source:                 design_1_i/smartconnect_0/inst/clk_map/psr_aclk/U0/ACTIVE_LOW_BSR_OUT_DFF[0].FDRE_BSR_N/C
                            (rising edge-triggered cell FDRE clocked by clk_fpga_0  {rise@0.000ns fall@5.000ns period=10.000ns})
  Destination:            design_1_i/smartconnect_0/inst/m01_nodes/m01_w_node/inst/s_sc_xpm_cdc_async_rst_inst/arststages_ff_reg[2]/CLR
                            (recovery check against rising-edge clock clk_fpga_0  {rise@0.000ns fall@5.000ns period=10.000ns})
  Path Group:             (none)
  Path Type:              Recovery (Max at Slow Process Corner)
  Data Path Delay:        16.916ns  (logic 0.580ns (3.429%)  route 16.336ns (96.571%))
  Logic Levels:           1  (LUT1=1)
  Clock Path Skew:        -0.636ns (DCD - SCD + CPR)
    Destination Clock Delay (DCD):    2.635ns
    Source Clock Delay      (SCD):    3.271ns
    Clock Pessimism Removal (CPR):    0.000ns
  Clock Uncertainty:      0.154ns  ((TSJ^2 + TIJ^2)^1/2 + DJ) / 2 + PE
    Total System Jitter     (TSJ):    0.071ns
    Total Input Jitter      (TIJ):    0.300ns
    Discrete Jitter          (DJ):    0.000ns
    Phase Error              (PE):    0.000ns
  Timing Exception:       False Path

    Location             Delay type                Incr(ns)  Path(ns)    Netlist Resource(s)
  -------------------------------------------------------------------    -------------------
                         (clock clk_fpga_0 rise edge)
                                                      0.000     0.000 r  
    PS7_X0Y0             PS7                          0.000     0.000 r  design_1_i/processing_system7_0/inst/PS7_i/FCLKCLK[0]
                         net (fo=1, routed)           1.193     1.193    design_1_i/processing_system7_0/inst/FCLK_CLK_unbuffered[0]
    BUFGCTRL_X0Y16       BUFG (Prop_bufg_I_O)         0.101     1.294 r  design_1_i/processing_system7_0/inst/buffer_fclk_clk_0.FCLK_CLK_0_BUFG/O
                         net (fo=26834, routed)       1.977     3.271    design_1_i/smartconnect_0/inst/clk_map/psr_aclk/U0/aclk
    SLICE_X101Y143       FDRE                                         r  design_1_i/smartconnect_0/inst/clk_map/psr_aclk/U0/ACTIVE_LOW_BSR_OUT_DFF[0].FDRE_BSR_N/C
  -------------------------------------------------------------------    -------------------
    SLICE_X101Y143       FDRE (Prop_fdre_C_Q)         0.456     3.727 r  design_1_i/smartconnect_0/inst/clk_map/psr_aclk/U0/ACTIVE_LOW_BSR_OUT_DFF[0].FDRE_BSR_N/Q
                         net (fo=86, routed)         15.598    19.325    design_1_i/smartconnect_0/inst/m01_nodes/m01_w_node/inst/s_sc_xpm_cdc_async_rst_inst/src_arst
    SLICE_X63Y68         LUT1 (Prop_lut1_I0_O)        0.124    19.449 f  design_1_i/smartconnect_0/inst/m01_nodes/m01_w_node/inst/s_sc_xpm_cdc_async_rst_inst/arststages_ff[2]_i_1/O
                         net (fo=3, routed)           0.739    20.187    design_1_i/smartconnect_0/inst/m01_nodes/m01_w_node/inst/s_sc_xpm_cdc_async_rst_inst/reset_pol
    SLICE_X53Y68         FDCE                                         f  design_1_i/smartconnect_0/inst/m01_nodes/m01_w_node/inst/s_sc_xpm_cdc_async_rst_inst/arststages_ff_reg[2]/CLR
  -------------------------------------------------------------------    -------------------

                         (clock clk_fpga_0 rise edge)
                                                      0.000     0.000 r  
    PS7_X0Y0             PS7                          0.000     0.000 r  design_1_i/processing_system7_0/inst/PS7_i/FCLKCLK[0]
                         net (fo=1, routed)           1.088     1.088    design_1_i/processing_system7_0/inst/FCLK_CLK_unbuffered[0]
    BUFGCTRL_X0Y16       BUFG (Prop_bufg_I_O)         0.091     1.179 r  design_1_i/processing_system7_0/inst/buffer_fclk_clk_0.FCLK_CLK_0_BUFG/O
                         net (fo=26834, routed)       1.456     2.635    design_1_i/smartconnect_0/inst/m01_nodes/m01_w_node/inst/s_sc_xpm_cdc_async_rst_inst/dest_clk
    SLICE_X53Y68         FDCE                                         r  design_1_i/smartconnect_0/inst/m01_nodes/m01_w_node/inst/s_sc_xpm_cdc_async_rst_inst/arststages_ff_reg[2]/C

Slack:                    inf
  Source:                 design_1_i/smartconnect_0/inst/clk_map/psr_aclk/U0/ACTIVE_LOW_BSR_OUT_DFF[0].FDRE_BSR_N/C
                            (rising edge-triggered cell FDRE clocked by clk_fpga_0  {rise@0.000ns fall@5.000ns period=10.000ns})
  Destination:            design_1_i/smartconnect_0/inst/m02_nodes/m02_w_node/inst/s_sc_xpm_cdc_async_rst_inst/arststages_ff_reg[0]/CLR
                            (recovery check against rising-edge clock clk_fpga_0  {rise@0.000ns fall@5.000ns period=10.000ns})
  Path Group:             (none)
  Path Type:              Recovery (Max at Slow Process Corner)
  Data Path Delay:        16.841ns  (logic 0.610ns (3.622%)  route 16.231ns (96.378%))
  Logic Levels:           1  (LUT1=1)
  Clock Path Skew:        -0.562ns (DCD - SCD + CPR)
    Destination Clock Delay (DCD):    2.709ns
    Source Clock Delay      (SCD):    3.271ns
    Clock Pessimism Removal (CPR):    0.000ns
  Clock Uncertainty:      0.154ns  ((TSJ^2 + TIJ^2)^1/2 + DJ) / 2 + PE
    Total System Jitter     (TSJ):    0.071ns
    Total Input Jitter      (TIJ):    0.300ns
    Discrete Jitter          (DJ):    0.000ns
    Phase Error              (PE):    0.000ns
  Timing Exception:       False Path

    Location             Delay type                Incr(ns)  Path(ns)    Netlist Resource(s)
  -------------------------------------------------------------------    -------------------
                         (clock clk_fpga_0 rise edge)
                                                      0.000     0.000 r  
    PS7_X0Y0             PS7                          0.000     0.000 r  design_1_i/processing_system7_0/inst/PS7_i/FCLKCLK[0]
                         net (fo=1, routed)           1.193     1.193    design_1_i/processing_system7_0/inst/FCLK_CLK_unbuffered[0]
    BUFGCTRL_X0Y16       BUFG (Prop_bufg_I_O)         0.101     1.294 r  design_1_i/processing_system7_0/inst/buffer_fclk_clk_0.FCLK_CLK_0_BUFG/O
                         net (fo=26834, routed)       1.977     3.271    design_1_i/smartconnect_0/inst/clk_map/psr_aclk/U0/aclk
    SLICE_X101Y143       FDRE                                         r  design_1_i/smartconnect_0/inst/clk_map/psr_aclk/U0/ACTIVE_LOW_BSR_OUT_DFF[0].FDRE_BSR_N/C
  -------------------------------------------------------------------    -------------------
    SLICE_X101Y143       FDRE (Prop_fdre_C_Q)         0.456     3.727 r  design_1_i/smartconnect_0/inst/clk_map/psr_aclk/U0/ACTIVE_LOW_BSR_OUT_DFF[0].FDRE_BSR_N/Q
                         net (fo=86, routed)         15.598    19.325    design_1_i/smartconnect_0/inst/m02_nodes/m02_w_node/inst/s_sc_xpm_cdc_async_rst_inst/src_arst
    SLICE_X63Y68         LUT1 (Prop_lut1_I0_O)        0.154    19.479 f  design_1_i/smartconnect_0/inst/m02_nodes/m02_w_node/inst/s_sc_xpm_cdc_async_rst_inst/arststages_ff[2]_i_1/O
                         net (fo=3, routed)           0.633    20.112    design_1_i/smartconnect_0/inst/m02_nodes/m02_w_node/inst/s_sc_xpm_cdc_async_rst_inst/reset_pol
    SLICE_X63Y68         FDCE                                         f  design_1_i/smartconnect_0/inst/m02_nodes/m02_w_node/inst/s_sc_xpm_cdc_async_rst_inst/arststages_ff_reg[0]/CLR
  -------------------------------------------------------------------    -------------------

                         (clock clk_fpga_0 rise edge)
                                                      0.000     0.000 r  
    PS7_X0Y0             PS7                          0.000     0.000 r  design_1_i/processing_system7_0/inst/PS7_i/FCLKCLK[0]
                         net (fo=1, routed)           1.088     1.088    design_1_i/processing_system7_0/inst/FCLK_CLK_unbuffered[0]
    BUFGCTRL_X0Y16       BUFG (Prop_bufg_I_O)         0.091     1.179 r  design_1_i/processing_system7_0/inst/buffer_fclk_clk_0.FCLK_CLK_0_BUFG/O
                         net (fo=26834, routed)       1.530     2.709    design_1_i/smartconnect_0/inst/m02_nodes/m02_w_node/inst/s_sc_xpm_cdc_async_rst_inst/dest_clk
    SLICE_X63Y68         FDCE                                         r  design_1_i/smartconnect_0/inst/m02_nodes/m02_w_node/inst/s_sc_xpm_cdc_async_rst_inst/arststages_ff_reg[0]/C

Slack:                    inf
  Source:                 design_1_i/smartconnect_0/inst/clk_map/psr_aclk/U0/ACTIVE_LOW_BSR_OUT_DFF[0].FDRE_BSR_N/C
                            (rising edge-triggered cell FDRE clocked by clk_fpga_0  {rise@0.000ns fall@5.000ns period=10.000ns})
  Destination:            design_1_i/smartconnect_0/inst/m02_nodes/m02_w_node/inst/s_sc_xpm_cdc_async_rst_inst/arststages_ff_reg[1]/CLR
                            (recovery check against rising-edge clock clk_fpga_0  {rise@0.000ns fall@5.000ns period=10.000ns})
  Path Group:             (none)
  Path Type:              Recovery (Max at Slow Process Corner)
  Data Path Delay:        16.841ns  (logic 0.610ns (3.622%)  route 16.231ns (96.378%))
  Logic Levels:           1  (LUT1=1)
  Clock Path Skew:        -0.562ns (DCD - SCD + CPR)
    Destination Clock Delay (DCD):    2.709ns
    Source Clock Delay      (SCD):    3.271ns
    Clock Pessimism Removal (CPR):    0.000ns
  Clock Uncertainty:      0.154ns  ((TSJ^2 + TIJ^2)^1/2 + DJ) / 2 + PE
    Total System Jitter     (TSJ):    0.071ns
    Total Input Jitter      (TIJ):    0.300ns
    Discrete Jitter          (DJ):    0.000ns
    Phase Error              (PE):    0.000ns
  Timing Exception:       False Path

    Location             Delay type                Incr(ns)  Path(ns)    Netlist Resource(s)
  -------------------------------------------------------------------    -------------------
                         (clock clk_fpga_0 rise edge)
                                                      0.000     0.000 r  
    PS7_X0Y0             PS7                          0.000     0.000 r  design_1_i/processing_system7_0/inst/PS7_i/FCLKCLK[0]
                         net (fo=1, routed)           1.193     1.193    design_1_i/processing_system7_0/inst/FCLK_CLK_unbuffered[0]
    BUFGCTRL_X0Y16       BUFG (Prop_bufg_I_O)         0.101     1.294 r  design_1_i/processing_system7_0/inst/buffer_fclk_clk_0.FCLK_CLK_0_BUFG/O
                         net (fo=26834, routed)       1.977     3.271    design_1_i/smartconnect_0/inst/clk_map/psr_aclk/U0/aclk
    SLICE_X101Y143       FDRE                                         r  design_1_i/smartconnect_0/inst/clk_map/psr_aclk/U0/ACTIVE_LOW_BSR_OUT_DFF[0].FDRE_BSR_N/C
  -------------------------------------------------------------------    -------------------
    SLICE_X101Y143       FDRE (Prop_fdre_C_Q)         0.456     3.727 r  design_1_i/smartconnect_0/inst/clk_map/psr_aclk/U0/ACTIVE_LOW_BSR_OUT_DFF[0].FDRE_BSR_N/Q
                         net (fo=86, routed)         15.598    19.325    design_1_i/smartconnect_0/inst/m02_nodes/m02_w_node/inst/s_sc_xpm_cdc_async_rst_inst/src_arst
    SLICE_X63Y68         LUT1 (Prop_lut1_I0_O)        0.154    19.479 f  design_1_i/smartconnect_0/inst/m02_nodes/m02_w_node/inst/s_sc_xpm_cdc_async_rst_inst/arststages_ff[2]_i_1/O
                         net (fo=3, routed)           0.633    20.112    design_1_i/smartconnect_0/inst/m02_nodes/m02_w_node/inst/s_sc_xpm_cdc_async_rst_inst/reset_pol
    SLICE_X63Y68         FDCE                                         f  design_1_i/smartconnect_0/inst/m02_nodes/m02_w_node/inst/s_sc_xpm_cdc_async_rst_inst/arststages_ff_reg[1]/CLR
  -------------------------------------------------------------------    -------------------

                         (clock clk_fpga_0 rise edge)
                                                      0.000     0.000 r  
    PS7_X0Y0             PS7                          0.000     0.000 r  design_1_i/processing_system7_0/inst/PS7_i/FCLKCLK[0]
                         net (fo=1, routed)           1.088     1.088    design_1_i/processing_system7_0/inst/FCLK_CLK_unbuffered[0]
    BUFGCTRL_X0Y16       BUFG (Prop_bufg_I_O)         0.091     1.179 r  design_1_i/processing_system7_0/inst/buffer_fclk_clk_0.FCLK_CLK_0_BUFG/O
                         net (fo=26834, routed)       1.530     2.709    design_1_i/smartconnect_0/inst/m02_nodes/m02_w_node/inst/s_sc_xpm_cdc_async_rst_inst/dest_clk
    SLICE_X63Y68         FDCE                                         r  design_1_i/smartconnect_0/inst/m02_nodes/m02_w_node/inst/s_sc_xpm_cdc_async_rst_inst/arststages_ff_reg[1]/C

Slack:                    inf
  Source:                 design_1_i/smartconnect_0/inst/clk_map/psr_aclk/U0/ACTIVE_LOW_BSR_OUT_DFF[0].FDRE_BSR_N/C
                            (rising edge-triggered cell FDRE clocked by clk_fpga_0  {rise@0.000ns fall@5.000ns period=10.000ns})
  Destination:            design_1_i/smartconnect_0/inst/m02_nodes/m02_w_node/inst/s_sc_xpm_cdc_async_rst_inst/arststages_ff_reg[2]/CLR
                            (recovery check against rising-edge clock clk_fpga_0  {rise@0.000ns fall@5.000ns period=10.000ns})
  Path Group:             (none)
  Path Type:              Recovery (Max at Slow Process Corner)
  Data Path Delay:        16.841ns  (logic 0.610ns (3.622%)  route 16.231ns (96.378%))
  Logic Levels:           1  (LUT1=1)
  Clock Path Skew:        -0.562ns (DCD - SCD + CPR)
    Destination Clock Delay (DCD):    2.709ns
    Source Clock Delay      (SCD):    3.271ns
    Clock Pessimism Removal (CPR):    0.000ns
  Clock Uncertainty:      0.154ns  ((TSJ^2 + TIJ^2)^1/2 + DJ) / 2 + PE
    Total System Jitter     (TSJ):    0.071ns
    Total Input Jitter      (TIJ):    0.300ns
    Discrete Jitter          (DJ):    0.000ns
    Phase Error              (PE):    0.000ns
  Timing Exception:       False Path

    Location             Delay type                Incr(ns)  Path(ns)    Netlist Resource(s)
  -------------------------------------------------------------------    -------------------
                         (clock clk_fpga_0 rise edge)
                                                      0.000     0.000 r  
    PS7_X0Y0             PS7                          0.000     0.000 r  design_1_i/processing_system7_0/inst/PS7_i/FCLKCLK[0]
                         net (fo=1, routed)           1.193     1.193    design_1_i/processing_system7_0/inst/FCLK_CLK_unbuffered[0]
    BUFGCTRL_X0Y16       BUFG (Prop_bufg_I_O)         0.101     1.294 r  design_1_i/processing_system7_0/inst/buffer_fclk_clk_0.FCLK_CLK_0_BUFG/O
                         net (fo=26834, routed)       1.977     3.271    design_1_i/smartconnect_0/inst/clk_map/psr_aclk/U0/aclk
    SLICE_X101Y143       FDRE                                         r  design_1_i/smartconnect_0/inst/clk_map/psr_aclk/U0/ACTIVE_LOW_BSR_OUT_DFF[0].FDRE_BSR_N/C
  -------------------------------------------------------------------    -------------------
    SLICE_X101Y143       FDRE (Prop_fdre_C_Q)         0.456     3.727 r  design_1_i/smartconnect_0/inst/clk_map/psr_aclk/U0/ACTIVE_LOW_BSR_OUT_DFF[0].FDRE_BSR_N/Q
                         net (fo=86, routed)         15.598    19.325    design_1_i/smartconnect_0/inst/m02_nodes/m02_w_node/inst/s_sc_xpm_cdc_async_rst_inst/src_arst
    SLICE_X63Y68         LUT1 (Prop_lut1_I0_O)        0.154    19.479 f  design_1_i/smartconnect_0/inst/m02_nodes/m02_w_node/inst/s_sc_xpm_cdc_async_rst_inst/arststages_ff[2]_i_1/O
                         net (fo=3, routed)           0.633    20.112    design_1_i/smartconnect_0/inst/m02_nodes/m02_w_node/inst/s_sc_xpm_cdc_async_rst_inst/reset_pol
    SLICE_X63Y68         FDCE                                         f  design_1_i/smartconnect_0/inst/m02_nodes/m02_w_node/inst/s_sc_xpm_cdc_async_rst_inst/arststages_ff_reg[2]/CLR
  -------------------------------------------------------------------    -------------------

                         (clock clk_fpga_0 rise edge)
                                                      0.000     0.000 r  
    PS7_X0Y0             PS7                          0.000     0.000 r  design_1_i/processing_system7_0/inst/PS7_i/FCLKCLK[0]
                         net (fo=1, routed)           1.088     1.088    design_1_i/processing_system7_0/inst/FCLK_CLK_unbuffered[0]
    BUFGCTRL_X0Y16       BUFG (Prop_bufg_I_O)         0.091     1.179 r  design_1_i/processing_system7_0/inst/buffer_fclk_clk_0.FCLK_CLK_0_BUFG/O
                         net (fo=26834, routed)       1.530     2.709    design_1_i/smartconnect_0/inst/m02_nodes/m02_w_node/inst/s_sc_xpm_cdc_async_rst_inst/dest_clk
    SLICE_X63Y68         FDCE                                         r  design_1_i/smartconnect_0/inst/m02_nodes/m02_w_node/inst/s_sc_xpm_cdc_async_rst_inst/arststages_ff_reg[2]/C

Slack:                    inf
  Source:                 design_1_i/smartconnect_0/inst/clk_map/psr_aclk/U0/ACTIVE_LOW_BSR_OUT_DFF[0].FDRE_BSR_N/C
                            (rising edge-triggered cell FDRE clocked by clk_fpga_0  {rise@0.000ns fall@5.000ns period=10.000ns})
  Destination:            design_1_i/smartconnect_0/inst/s00_entry_pipeline/s00_transaction_regulator/inst/xpm_cdc_async_rst_inst/arststages_ff_reg[0]/CLR
                            (recovery check against rising-edge clock clk_fpga_0  {rise@0.000ns fall@5.000ns period=10.000ns})
  Path Group:             (none)
  Path Type:              Recovery (Max at Slow Process Corner)
  Data Path Delay:        16.412ns  (logic 0.580ns (3.534%)  route 15.832ns (96.466%))
  Logic Levels:           1  (LUT1=1)
  Clock Path Skew:        -0.581ns (DCD - SCD + CPR)
    Destination Clock Delay (DCD):    2.690ns
    Source Clock Delay      (SCD):    3.271ns
    Clock Pessimism Removal (CPR):    0.000ns
  Clock Uncertainty:      0.154ns  ((TSJ^2 + TIJ^2)^1/2 + DJ) / 2 + PE
    Total System Jitter     (TSJ):    0.071ns
    Total Input Jitter      (TIJ):    0.300ns
    Discrete Jitter          (DJ):    0.000ns
    Phase Error              (PE):    0.000ns
  Timing Exception:       False Path

    Location             Delay type                Incr(ns)  Path(ns)    Netlist Resource(s)
  -------------------------------------------------------------------    -------------------
                         (clock clk_fpga_0 rise edge)
                                                      0.000     0.000 r  
    PS7_X0Y0             PS7                          0.000     0.000 r  design_1_i/processing_system7_0/inst/PS7_i/FCLKCLK[0]
                         net (fo=1, routed)           1.193     1.193    design_1_i/processing_system7_0/inst/FCLK_CLK_unbuffered[0]
    BUFGCTRL_X0Y16       BUFG (Prop_bufg_I_O)         0.101     1.294 r  design_1_i/processing_system7_0/inst/buffer_fclk_clk_0.FCLK_CLK_0_BUFG/O
                         net (fo=26834, routed)       1.977     3.271    design_1_i/smartconnect_0/inst/clk_map/psr_aclk/U0/aclk
    SLICE_X101Y143       FDRE                                         r  design_1_i/smartconnect_0/inst/clk_map/psr_aclk/U0/ACTIVE_LOW_BSR_OUT_DFF[0].FDRE_BSR_N/C
  -------------------------------------------------------------------    -------------------
    SLICE_X101Y143       FDRE (Prop_fdre_C_Q)         0.456     3.727 r  design_1_i/smartconnect_0/inst/clk_map/psr_aclk/U0/ACTIVE_LOW_BSR_OUT_DFF[0].FDRE_BSR_N/Q
                         net (fo=86, routed)         15.304    19.031    design_1_i/smartconnect_0/inst/s00_entry_pipeline/s00_transaction_regulator/inst/xpm_cdc_async_rst_inst/src_arst
    SLICE_X27Y68         LUT1 (Prop_lut1_I0_O)        0.124    19.155 f  design_1_i/smartconnect_0/inst/s00_entry_pipeline/s00_transaction_regulator/inst/xpm_cdc_async_rst_inst/arststages_ff[2]_i_1/O
                         net (fo=3, routed)           0.528    19.683    design_1_i/smartconnect_0/inst/s00_entry_pipeline/s00_transaction_regulator/inst/xpm_cdc_async_rst_inst/reset_pol
    SLICE_X27Y68         FDCE                                         f  design_1_i/smartconnect_0/inst/s00_entry_pipeline/s00_transaction_regulator/inst/xpm_cdc_async_rst_inst/arststages_ff_reg[0]/CLR
  -------------------------------------------------------------------    -------------------

                         (clock clk_fpga_0 rise edge)
                                                      0.000     0.000 r  
    PS7_X0Y0             PS7                          0.000     0.000 r  design_1_i/processing_system7_0/inst/PS7_i/FCLKCLK[0]
                         net (fo=1, routed)           1.088     1.088    design_1_i/processing_system7_0/inst/FCLK_CLK_unbuffered[0]
    BUFGCTRL_X0Y16       BUFG (Prop_bufg_I_O)         0.091     1.179 r  design_1_i/processing_system7_0/inst/buffer_fclk_clk_0.FCLK_CLK_0_BUFG/O
                         net (fo=26834, routed)       1.511     2.690    design_1_i/smartconnect_0/inst/s00_entry_pipeline/s00_transaction_regulator/inst/xpm_cdc_async_rst_inst/dest_clk
    SLICE_X27Y68         FDCE                                         r  design_1_i/smartconnect_0/inst/s00_entry_pipeline/s00_transaction_regulator/inst/xpm_cdc_async_rst_inst/arststages_ff_reg[0]/C

Slack:                    inf
  Source:                 design_1_i/smartconnect_0/inst/clk_map/psr_aclk/U0/ACTIVE_LOW_BSR_OUT_DFF[0].FDRE_BSR_N/C
                            (rising edge-triggered cell FDRE clocked by clk_fpga_0  {rise@0.000ns fall@5.000ns period=10.000ns})
  Destination:            design_1_i/smartconnect_0/inst/s00_entry_pipeline/s00_transaction_regulator/inst/xpm_cdc_async_rst_inst/arststages_ff_reg[1]/CLR
                            (recovery check against rising-edge clock clk_fpga_0  {rise@0.000ns fall@5.000ns period=10.000ns})
  Path Group:             (none)
  Path Type:              Recovery (Max at Slow Process Corner)
  Data Path Delay:        16.412ns  (logic 0.580ns (3.534%)  route 15.832ns (96.466%))
  Logic Levels:           1  (LUT1=1)
  Clock Path Skew:        -0.581ns (DCD - SCD + CPR)
    Destination Clock Delay (DCD):    2.690ns
    Source Clock Delay      (SCD):    3.271ns
    Clock Pessimism Removal (CPR):    0.000ns
  Clock Uncertainty:      0.154ns  ((TSJ^2 + TIJ^2)^1/2 + DJ) / 2 + PE
    Total System Jitter     (TSJ):    0.071ns
    Total Input Jitter      (TIJ):    0.300ns
    Discrete Jitter          (DJ):    0.000ns
    Phase Error              (PE):    0.000ns
  Timing Exception:       False Path

    Location             Delay type                Incr(ns)  Path(ns)    Netlist Resource(s)
  -------------------------------------------------------------------    -------------------
                         (clock clk_fpga_0 rise edge)
                                                      0.000     0.000 r  
    PS7_X0Y0             PS7                          0.000     0.000 r  design_1_i/processing_system7_0/inst/PS7_i/FCLKCLK[0]
                         net (fo=1, routed)           1.193     1.193    design_1_i/processing_system7_0/inst/FCLK_CLK_unbuffered[0]
    BUFGCTRL_X0Y16       BUFG (Prop_bufg_I_O)         0.101     1.294 r  design_1_i/processing_system7_0/inst/buffer_fclk_clk_0.FCLK_CLK_0_BUFG/O
                         net (fo=26834, routed)       1.977     3.271    design_1_i/smartconnect_0/inst/clk_map/psr_aclk/U0/aclk
    SLICE_X101Y143       FDRE                                         r  design_1_i/smartconnect_0/inst/clk_map/psr_aclk/U0/ACTIVE_LOW_BSR_OUT_DFF[0].FDRE_BSR_N/C
  -------------------------------------------------------------------    -------------------
    SLICE_X101Y143       FDRE (Prop_fdre_C_Q)         0.456     3.727 r  design_1_i/smartconnect_0/inst/clk_map/psr_aclk/U0/ACTIVE_LOW_BSR_OUT_DFF[0].FDRE_BSR_N/Q
                         net (fo=86, routed)         15.304    19.031    design_1_i/smartconnect_0/inst/s00_entry_pipeline/s00_transaction_regulator/inst/xpm_cdc_async_rst_inst/src_arst
    SLICE_X27Y68         LUT1 (Prop_lut1_I0_O)        0.124    19.155 f  design_1_i/smartconnect_0/inst/s00_entry_pipeline/s00_transaction_regulator/inst/xpm_cdc_async_rst_inst/arststages_ff[2]_i_1/O
                         net (fo=3, routed)           0.528    19.683    design_1_i/smartconnect_0/inst/s00_entry_pipeline/s00_transaction_regulator/inst/xpm_cdc_async_rst_inst/reset_pol
    SLICE_X27Y68         FDCE                                         f  design_1_i/smartconnect_0/inst/s00_entry_pipeline/s00_transaction_regulator/inst/xpm_cdc_async_rst_inst/arststages_ff_reg[1]/CLR
  -------------------------------------------------------------------    -------------------

                         (clock clk_fpga_0 rise edge)
                                                      0.000     0.000 r  
    PS7_X0Y0             PS7                          0.000     0.000 r  design_1_i/processing_system7_0/inst/PS7_i/FCLKCLK[0]
                         net (fo=1, routed)           1.088     1.088    design_1_i/processing_system7_0/inst/FCLK_CLK_unbuffered[0]
    BUFGCTRL_X0Y16       BUFG (Prop_bufg_I_O)         0.091     1.179 r  design_1_i/processing_system7_0/inst/buffer_fclk_clk_0.FCLK_CLK_0_BUFG/O
                         net (fo=26834, routed)       1.511     2.690    design_1_i/smartconnect_0/inst/s00_entry_pipeline/s00_transaction_regulator/inst/xpm_cdc_async_rst_inst/dest_clk
    SLICE_X27Y68         FDCE                                         r  design_1_i/smartconnect_0/inst/s00_entry_pipeline/s00_transaction_regulator/inst/xpm_cdc_async_rst_inst/arststages_ff_reg[1]/C

Slack:                    inf
  Source:                 design_1_i/smartconnect_0/inst/clk_map/psr_aclk/U0/ACTIVE_LOW_BSR_OUT_DFF[0].FDRE_BSR_N/C
                            (rising edge-triggered cell FDRE clocked by clk_fpga_0  {rise@0.000ns fall@5.000ns period=10.000ns})
  Destination:            design_1_i/smartconnect_0/inst/s00_entry_pipeline/s00_transaction_regulator/inst/xpm_cdc_async_rst_inst/arststages_ff_reg[2]/CLR
                            (recovery check against rising-edge clock clk_fpga_0  {rise@0.000ns fall@5.000ns period=10.000ns})
  Path Group:             (none)
  Path Type:              Recovery (Max at Slow Process Corner)
  Data Path Delay:        16.412ns  (logic 0.580ns (3.534%)  route 15.832ns (96.466%))
  Logic Levels:           1  (LUT1=1)
  Clock Path Skew:        -0.581ns (DCD - SCD + CPR)
    Destination Clock Delay (DCD):    2.690ns
    Source Clock Delay      (SCD):    3.271ns
    Clock Pessimism Removal (CPR):    0.000ns
  Clock Uncertainty:      0.154ns  ((TSJ^2 + TIJ^2)^1/2 + DJ) / 2 + PE
    Total System Jitter     (TSJ):    0.071ns
    Total Input Jitter      (TIJ):    0.300ns
    Discrete Jitter          (DJ):    0.000ns
    Phase Error              (PE):    0.000ns
  Timing Exception:       False Path

    Location             Delay type                Incr(ns)  Path(ns)    Netlist Resource(s)
  -------------------------------------------------------------------    -------------------
                         (clock clk_fpga_0 rise edge)
                                                      0.000     0.000 r  
    PS7_X0Y0             PS7                          0.000     0.000 r  design_1_i/processing_system7_0/inst/PS7_i/FCLKCLK[0]
                         net (fo=1, routed)           1.193     1.193    design_1_i/processing_system7_0/inst/FCLK_CLK_unbuffered[0]
    BUFGCTRL_X0Y16       BUFG (Prop_bufg_I_O)         0.101     1.294 r  design_1_i/processing_system7_0/inst/buffer_fclk_clk_0.FCLK_CLK_0_BUFG/O
                         net (fo=26834, routed)       1.977     3.271    design_1_i/smartconnect_0/inst/clk_map/psr_aclk/U0/aclk
    SLICE_X101Y143       FDRE                                         r  design_1_i/smartconnect_0/inst/clk_map/psr_aclk/U0/ACTIVE_LOW_BSR_OUT_DFF[0].FDRE_BSR_N/C
  -------------------------------------------------------------------    -------------------
    SLICE_X101Y143       FDRE (Prop_fdre_C_Q)         0.456     3.727 r  design_1_i/smartconnect_0/inst/clk_map/psr_aclk/U0/ACTIVE_LOW_BSR_OUT_DFF[0].FDRE_BSR_N/Q
                         net (fo=86, routed)         15.304    19.031    design_1_i/smartconnect_0/inst/s00_entry_pipeline/s00_transaction_regulator/inst/xpm_cdc_async_rst_inst/src_arst
    SLICE_X27Y68         LUT1 (Prop_lut1_I0_O)        0.124    19.155 f  design_1_i/smartconnect_0/inst/s00_entry_pipeline/s00_transaction_regulator/inst/xpm_cdc_async_rst_inst/arststages_ff[2]_i_1/O
                         net (fo=3, routed)           0.528    19.683    design_1_i/smartconnect_0/inst/s00_entry_pipeline/s00_transaction_regulator/inst/xpm_cdc_async_rst_inst/reset_pol
    SLICE_X27Y68         FDCE                                         f  design_1_i/smartconnect_0/inst/s00_entry_pipeline/s00_transaction_regulator/inst/xpm_cdc_async_rst_inst/arststages_ff_reg[2]/CLR
  -------------------------------------------------------------------    -------------------

                         (clock clk_fpga_0 rise edge)
                                                      0.000     0.000 r  
    PS7_X0Y0             PS7                          0.000     0.000 r  design_1_i/processing_system7_0/inst/PS7_i/FCLKCLK[0]
                         net (fo=1, routed)           1.088     1.088    design_1_i/processing_system7_0/inst/FCLK_CLK_unbuffered[0]
    BUFGCTRL_X0Y16       BUFG (Prop_bufg_I_O)         0.091     1.179 r  design_1_i/processing_system7_0/inst/buffer_fclk_clk_0.FCLK_CLK_0_BUFG/O
                         net (fo=26834, routed)       1.511     2.690    design_1_i/smartconnect_0/inst/s00_entry_pipeline/s00_transaction_regulator/inst/xpm_cdc_async_rst_inst/dest_clk
    SLICE_X27Y68         FDCE                                         r  design_1_i/smartconnect_0/inst/s00_entry_pipeline/s00_transaction_regulator/inst/xpm_cdc_async_rst_inst/arststages_ff_reg[2]/C

Slack:                    inf
  Source:                 design_1_i/smartconnect_0/inst/clk_map/psr_aclk/U0/ACTIVE_LOW_BSR_OUT_DFF[0].FDRE_BSR_N/C
                            (rising edge-triggered cell FDRE clocked by clk_fpga_0  {rise@0.000ns fall@5.000ns period=10.000ns})
  Destination:            design_1_i/smartconnect_0/inst/s00_nodes/s00_r_node/inst/s_sc_xpm_cdc_async_rst_inst/arststages_ff_reg[0]/CLR
                            (recovery check against rising-edge clock clk_fpga_0  {rise@0.000ns fall@5.000ns period=10.000ns})
  Path Group:             (none)
  Path Type:              Recovery (Max at Slow Process Corner)
  Data Path Delay:        16.404ns  (logic 0.580ns (3.536%)  route 15.824ns (96.464%))
  Logic Levels:           1  (LUT1=1)
  Clock Path Skew:        -0.558ns (DCD - SCD + CPR)
    Destination Clock Delay (DCD):    2.713ns
    Source Clock Delay      (SCD):    3.271ns
    Clock Pessimism Removal (CPR):    0.000ns
  Clock Uncertainty:      0.154ns  ((TSJ^2 + TIJ^2)^1/2 + DJ) / 2 + PE
    Total System Jitter     (TSJ):    0.071ns
    Total Input Jitter      (TIJ):    0.300ns
    Discrete Jitter          (DJ):    0.000ns
    Phase Error              (PE):    0.000ns
  Timing Exception:       False Path

    Location             Delay type                Incr(ns)  Path(ns)    Netlist Resource(s)
  -------------------------------------------------------------------    -------------------
                         (clock clk_fpga_0 rise edge)
                                                      0.000     0.000 r  
    PS7_X0Y0             PS7                          0.000     0.000 r  design_1_i/processing_system7_0/inst/PS7_i/FCLKCLK[0]
                         net (fo=1, routed)           1.193     1.193    design_1_i/processing_system7_0/inst/FCLK_CLK_unbuffered[0]
    BUFGCTRL_X0Y16       BUFG (Prop_bufg_I_O)         0.101     1.294 r  design_1_i/processing_system7_0/inst/buffer_fclk_clk_0.FCLK_CLK_0_BUFG/O
                         net (fo=26834, routed)       1.977     3.271    design_1_i/smartconnect_0/inst/clk_map/psr_aclk/U0/aclk
    SLICE_X101Y143       FDRE                                         r  design_1_i/smartconnect_0/inst/clk_map/psr_aclk/U0/ACTIVE_LOW_BSR_OUT_DFF[0].FDRE_BSR_N/C
  -------------------------------------------------------------------    -------------------
    SLICE_X101Y143       FDRE (Prop_fdre_C_Q)         0.456     3.727 r  design_1_i/smartconnect_0/inst/clk_map/psr_aclk/U0/ACTIVE_LOW_BSR_OUT_DFF[0].FDRE_BSR_N/Q
                         net (fo=86, routed)         15.248    18.975    design_1_i/smartconnect_0/inst/s00_nodes/s00_r_node/inst/s_sc_xpm_cdc_async_rst_inst/src_arst
    SLICE_X66Y83         LUT1 (Prop_lut1_I0_O)        0.124    19.099 f  design_1_i/smartconnect_0/inst/s00_nodes/s00_r_node/inst/s_sc_xpm_cdc_async_rst_inst/arststages_ff[2]_i_1/O
                         net (fo=3, routed)           0.577    19.675    design_1_i/smartconnect_0/inst/s00_nodes/s00_r_node/inst/s_sc_xpm_cdc_async_rst_inst/reset_pol
    SLICE_X66Y83         FDCE                                         f  design_1_i/smartconnect_0/inst/s00_nodes/s00_r_node/inst/s_sc_xpm_cdc_async_rst_inst/arststages_ff_reg[0]/CLR
  -------------------------------------------------------------------    -------------------

                         (clock clk_fpga_0 rise edge)
                                                      0.000     0.000 r  
    PS7_X0Y0             PS7                          0.000     0.000 r  design_1_i/processing_system7_0/inst/PS7_i/FCLKCLK[0]
                         net (fo=1, routed)           1.088     1.088    design_1_i/processing_system7_0/inst/FCLK_CLK_unbuffered[0]
    BUFGCTRL_X0Y16       BUFG (Prop_bufg_I_O)         0.091     1.179 r  design_1_i/processing_system7_0/inst/buffer_fclk_clk_0.FCLK_CLK_0_BUFG/O
                         net (fo=26834, routed)       1.534     2.713    design_1_i/smartconnect_0/inst/s00_nodes/s00_r_node/inst/s_sc_xpm_cdc_async_rst_inst/dest_clk
    SLICE_X66Y83         FDCE                                         r  design_1_i/smartconnect_0/inst/s00_nodes/s00_r_node/inst/s_sc_xpm_cdc_async_rst_inst/arststages_ff_reg[0]/C





Min Delay Paths
--------------------------------------------------------------------------------------
Slack:                    inf
  Source:                 design_1_i/smartconnect_0/inst/clk_map/psr_aclk/U0/ACTIVE_LOW_BSR_OUT_DFF[0].FDRE_BSR_N/C
                            (rising edge-triggered cell FDRE clocked by clk_fpga_0  {rise@0.000ns fall@5.000ns period=10.000ns})
  Destination:            design_1_i/smartconnect_0/inst/m06_exit_pipeline/m06_exit/inst/xpm_cdc_async_rst_inst/arststages_ff_reg[0]/CLR
                            (removal check against rising-edge clock clk_fpga_0  {rise@0.000ns fall@5.000ns period=10.000ns})
  Path Group:             (none)
  Path Type:              Removal (Min at Fast Process Corner)
  Data Path Delay:        0.885ns  (logic 0.186ns (21.026%)  route 0.699ns (78.974%))
  Logic Levels:           1  (LUT1=1)
  Clock Path Skew:        0.298ns (DCD - SCD - CPR)
    Destination Clock Delay (DCD):    1.324ns
    Source Clock Delay      (SCD):    1.026ns
    Clock Pessimism Removal (CPR):    -0.000ns
  Clock Uncertainty:      0.154ns  ((TSJ^2 + TIJ^2)^1/2 + DJ) / 2 + PE
    Total System Jitter     (TSJ):    0.071ns
    Total Input Jitter      (TIJ):    0.300ns
    Discrete Jitter          (DJ):    0.000ns
    Phase Error              (PE):    0.000ns
  Timing Exception:       False Path

    Location             Delay type                Incr(ns)  Path(ns)    Netlist Resource(s)
  -------------------------------------------------------------------    -------------------
                         (clock clk_fpga_0 rise edge)
                                                      0.000     0.000 r  
    PS7_X0Y0             PS7                          0.000     0.000 r  design_1_i/processing_system7_0/inst/PS7_i/FCLKCLK[0]
                         net (fo=1, routed)           0.310     0.310    design_1_i/processing_system7_0/inst/FCLK_CLK_unbuffered[0]
    BUFGCTRL_X0Y16       BUFG (Prop_bufg_I_O)         0.026     0.336 r  design_1_i/processing_system7_0/inst/buffer_fclk_clk_0.FCLK_CLK_0_BUFG/O
                         net (fo=26834, routed)       0.690     1.026    design_1_i/smartconnect_0/inst/clk_map/psr_aclk/U0/aclk
    SLICE_X101Y143       FDRE                                         r  design_1_i/smartconnect_0/inst/clk_map/psr_aclk/U0/ACTIVE_LOW_BSR_OUT_DFF[0].FDRE_BSR_N/C
  -------------------------------------------------------------------    -------------------
    SLICE_X101Y143       FDRE (Prop_fdre_C_Q)         0.141     1.167 r  design_1_i/smartconnect_0/inst/clk_map/psr_aclk/U0/ACTIVE_LOW_BSR_OUT_DFF[0].FDRE_BSR_N/Q
                         net (fo=86, routed)          0.525     1.692    design_1_i/smartconnect_0/inst/m06_exit_pipeline/m06_exit/inst/xpm_cdc_async_rst_inst/src_arst
    SLICE_X94Y135        LUT1 (Prop_lut1_I0_O)        0.045     1.737 f  design_1_i/smartconnect_0/inst/m06_exit_pipeline/m06_exit/inst/xpm_cdc_async_rst_inst/arststages_ff[2]_i_1/O
                         net (fo=3, routed)           0.174     1.911    design_1_i/smartconnect_0/inst/m06_exit_pipeline/m06_exit/inst/xpm_cdc_async_rst_inst/reset_pol
    SLICE_X94Y135        FDCE                                         f  design_1_i/smartconnect_0/inst/m06_exit_pipeline/m06_exit/inst/xpm_cdc_async_rst_inst/arststages_ff_reg[0]/CLR
  -------------------------------------------------------------------    -------------------

                         (clock clk_fpga_0 rise edge)
                                                      0.000     0.000 r  
    PS7_X0Y0             PS7                          0.000     0.000 r  design_1_i/processing_system7_0/inst/PS7_i/FCLKCLK[0]
                         net (fo=1, routed)           0.337     0.337    design_1_i/processing_system7_0/inst/FCLK_CLK_unbuffered[0]
    BUFGCTRL_X0Y16       BUFG (Prop_bufg_I_O)         0.029     0.366 r  design_1_i/processing_system7_0/inst/buffer_fclk_clk_0.FCLK_CLK_0_BUFG/O
                         net (fo=26834, routed)       0.958     1.324    design_1_i/smartconnect_0/inst/m06_exit_pipeline/m06_exit/inst/xpm_cdc_async_rst_inst/dest_clk
    SLICE_X94Y135        FDCE                                         r  design_1_i/smartconnect_0/inst/m06_exit_pipeline/m06_exit/inst/xpm_cdc_async_rst_inst/arststages_ff_reg[0]/C

Slack:                    inf
  Source:                 design_1_i/smartconnect_0/inst/clk_map/psr_aclk/U0/ACTIVE_LOW_BSR_OUT_DFF[0].FDRE_BSR_N/C
                            (rising edge-triggered cell FDRE clocked by clk_fpga_0  {rise@0.000ns fall@5.000ns period=10.000ns})
  Destination:            design_1_i/smartconnect_0/inst/m06_exit_pipeline/m06_exit/inst/xpm_cdc_async_rst_inst/arststages_ff_reg[1]/CLR
                            (removal check against rising-edge clock clk_fpga_0  {rise@0.000ns fall@5.000ns period=10.000ns})
  Path Group:             (none)
  Path Type:              Removal (Min at Fast Process Corner)
  Data Path Delay:        0.885ns  (logic 0.186ns (21.026%)  route 0.699ns (78.974%))
  Logic Levels:           1  (LUT1=1)
  Clock Path Skew:        0.298ns (DCD - SCD - CPR)
    Destination Clock Delay (DCD):    1.324ns
    Source Clock Delay      (SCD):    1.026ns
    Clock Pessimism Removal (CPR):    -0.000ns
  Clock Uncertainty:      0.154ns  ((TSJ^2 + TIJ^2)^1/2 + DJ) / 2 + PE
    Total System Jitter     (TSJ):    0.071ns
    Total Input Jitter      (TIJ):    0.300ns
    Discrete Jitter          (DJ):    0.000ns
    Phase Error              (PE):    0.000ns
  Timing Exception:       False Path

    Location             Delay type                Incr(ns)  Path(ns)    Netlist Resource(s)
  -------------------------------------------------------------------    -------------------
                         (clock clk_fpga_0 rise edge)
                                                      0.000     0.000 r  
    PS7_X0Y0             PS7                          0.000     0.000 r  design_1_i/processing_system7_0/inst/PS7_i/FCLKCLK[0]
                         net (fo=1, routed)           0.310     0.310    design_1_i/processing_system7_0/inst/FCLK_CLK_unbuffered[0]
    BUFGCTRL_X0Y16       BUFG (Prop_bufg_I_O)         0.026     0.336 r  design_1_i/processing_system7_0/inst/buffer_fclk_clk_0.FCLK_CLK_0_BUFG/O
                         net (fo=26834, routed)       0.690     1.026    design_1_i/smartconnect_0/inst/clk_map/psr_aclk/U0/aclk
    SLICE_X101Y143       FDRE                                         r  design_1_i/smartconnect_0/inst/clk_map/psr_aclk/U0/ACTIVE_LOW_BSR_OUT_DFF[0].FDRE_BSR_N/C
  -------------------------------------------------------------------    -------------------
    SLICE_X101Y143       FDRE (Prop_fdre_C_Q)         0.141     1.167 r  design_1_i/smartconnect_0/inst/clk_map/psr_aclk/U0/ACTIVE_LOW_BSR_OUT_DFF[0].FDRE_BSR_N/Q
                         net (fo=86, routed)          0.525     1.692    design_1_i/smartconnect_0/inst/m06_exit_pipeline/m06_exit/inst/xpm_cdc_async_rst_inst/src_arst
    SLICE_X94Y135        LUT1 (Prop_lut1_I0_O)        0.045     1.737 f  design_1_i/smartconnect_0/inst/m06_exit_pipeline/m06_exit/inst/xpm_cdc_async_rst_inst/arststages_ff[2]_i_1/O
                         net (fo=3, routed)           0.174     1.911    design_1_i/smartconnect_0/inst/m06_exit_pipeline/m06_exit/inst/xpm_cdc_async_rst_inst/reset_pol
    SLICE_X94Y135        FDCE                                         f  design_1_i/smartconnect_0/inst/m06_exit_pipeline/m06_exit/inst/xpm_cdc_async_rst_inst/arststages_ff_reg[1]/CLR
  -------------------------------------------------------------------    -------------------

                         (clock clk_fpga_0 rise edge)
                                                      0.000     0.000 r  
    PS7_X0Y0             PS7                          0.000     0.000 r  design_1_i/processing_system7_0/inst/PS7_i/FCLKCLK[0]
                         net (fo=1, routed)           0.337     0.337    design_1_i/processing_system7_0/inst/FCLK_CLK_unbuffered[0]
    BUFGCTRL_X0Y16       BUFG (Prop_bufg_I_O)         0.029     0.366 r  design_1_i/processing_system7_0/inst/buffer_fclk_clk_0.FCLK_CLK_0_BUFG/O
                         net (fo=26834, routed)       0.958     1.324    design_1_i/smartconnect_0/inst/m06_exit_pipeline/m06_exit/inst/xpm_cdc_async_rst_inst/dest_clk
    SLICE_X94Y135        FDCE                                         r  design_1_i/smartconnect_0/inst/m06_exit_pipeline/m06_exit/inst/xpm_cdc_async_rst_inst/arststages_ff_reg[1]/C

Slack:                    inf
  Source:                 design_1_i/smartconnect_0/inst/clk_map/psr_aclk/U0/ACTIVE_LOW_BSR_OUT_DFF[0].FDRE_BSR_N/C
                            (rising edge-triggered cell FDRE clocked by clk_fpga_0  {rise@0.000ns fall@5.000ns period=10.000ns})
  Destination:            design_1_i/smartconnect_0/inst/m06_exit_pipeline/m06_exit/inst/xpm_cdc_async_rst_inst/arststages_ff_reg[2]/CLR
                            (removal check against rising-edge clock clk_fpga_0  {rise@0.000ns fall@5.000ns period=10.000ns})
  Path Group:             (none)
  Path Type:              Removal (Min at Fast Process Corner)
  Data Path Delay:        0.885ns  (logic 0.186ns (21.026%)  route 0.699ns (78.974%))
  Logic Levels:           1  (LUT1=1)
  Clock Path Skew:        0.298ns (DCD - SCD - CPR)
    Destination Clock Delay (DCD):    1.324ns
    Source Clock Delay      (SCD):    1.026ns
    Clock Pessimism Removal (CPR):    -0.000ns
  Clock Uncertainty:      0.154ns  ((TSJ^2 + TIJ^2)^1/2 + DJ) / 2 + PE
    Total System Jitter     (TSJ):    0.071ns
    Total Input Jitter      (TIJ):    0.300ns
    Discrete Jitter          (DJ):    0.000ns
    Phase Error              (PE):    0.000ns
  Timing Exception:       False Path

    Location             Delay type                Incr(ns)  Path(ns)    Netlist Resource(s)
  -------------------------------------------------------------------    -------------------
                         (clock clk_fpga_0 rise edge)
                                                      0.000     0.000 r  
    PS7_X0Y0             PS7                          0.000     0.000 r  design_1_i/processing_system7_0/inst/PS7_i/FCLKCLK[0]
                         net (fo=1, routed)           0.310     0.310    design_1_i/processing_system7_0/inst/FCLK_CLK_unbuffered[0]
    BUFGCTRL_X0Y16       BUFG (Prop_bufg_I_O)         0.026     0.336 r  design_1_i/processing_system7_0/inst/buffer_fclk_clk_0.FCLK_CLK_0_BUFG/O
                         net (fo=26834, routed)       0.690     1.026    design_1_i/smartconnect_0/inst/clk_map/psr_aclk/U0/aclk
    SLICE_X101Y143       FDRE                                         r  design_1_i/smartconnect_0/inst/clk_map/psr_aclk/U0/ACTIVE_LOW_BSR_OUT_DFF[0].FDRE_BSR_N/C
  -------------------------------------------------------------------    -------------------
    SLICE_X101Y143       FDRE (Prop_fdre_C_Q)         0.141     1.167 r  design_1_i/smartconnect_0/inst/clk_map/psr_aclk/U0/ACTIVE_LOW_BSR_OUT_DFF[0].FDRE_BSR_N/Q
                         net (fo=86, routed)          0.525     1.692    design_1_i/smartconnect_0/inst/m06_exit_pipeline/m06_exit/inst/xpm_cdc_async_rst_inst/src_arst
    SLICE_X94Y135        LUT1 (Prop_lut1_I0_O)        0.045     1.737 f  design_1_i/smartconnect_0/inst/m06_exit_pipeline/m06_exit/inst/xpm_cdc_async_rst_inst/arststages_ff[2]_i_1/O
                         net (fo=3, routed)           0.174     1.911    design_1_i/smartconnect_0/inst/m06_exit_pipeline/m06_exit/inst/xpm_cdc_async_rst_inst/reset_pol
    SLICE_X94Y135        FDCE                                         f  design_1_i/smartconnect_0/inst/m06_exit_pipeline/m06_exit/inst/xpm_cdc_async_rst_inst/arststages_ff_reg[2]/CLR
  -------------------------------------------------------------------    -------------------

                         (clock clk_fpga_0 rise edge)
                                                      0.000     0.000 r  
    PS7_X0Y0             PS7                          0.000     0.000 r  design_1_i/processing_system7_0/inst/PS7_i/FCLKCLK[0]
                         net (fo=1, routed)           0.337     0.337    design_1_i/processing_system7_0/inst/FCLK_CLK_unbuffered[0]
    BUFGCTRL_X0Y16       BUFG (Prop_bufg_I_O)         0.029     0.366 r  design_1_i/processing_system7_0/inst/buffer_fclk_clk_0.FCLK_CLK_0_BUFG/O
                         net (fo=26834, routed)       0.958     1.324    design_1_i/smartconnect_0/inst/m06_exit_pipeline/m06_exit/inst/xpm_cdc_async_rst_inst/dest_clk
    SLICE_X94Y135        FDCE                                         r  design_1_i/smartconnect_0/inst/m06_exit_pipeline/m06_exit/inst/xpm_cdc_async_rst_inst/arststages_ff_reg[2]/C

Slack:                    inf
  Source:                 design_1_i/smartconnect_0/inst/clk_map/psr_aclk/U0/ACTIVE_LOW_BSR_OUT_DFF[0].FDRE_BSR_N/C
                            (rising edge-triggered cell FDRE clocked by clk_fpga_0  {rise@0.000ns fall@5.000ns period=10.000ns})
  Destination:            design_1_i/smartconnect_0/inst/m04_nodes/m04_b_node/inst/s_sc_xpm_cdc_async_rst_inst/arststages_ff_reg[0]/CLR
                            (removal check against rising-edge clock clk_fpga_0  {rise@0.000ns fall@5.000ns period=10.000ns})
  Path Group:             (none)
  Path Type:              Removal (Min at Fast Process Corner)
  Data Path Delay:        0.907ns  (logic 0.186ns (20.500%)  route 0.721ns (79.500%))
  Logic Levels:           1  (LUT1=1)
  Clock Path Skew:        0.329ns (DCD - SCD - CPR)
    Destination Clock Delay (DCD):    1.355ns
    Source Clock Delay      (SCD):    1.026ns
    Clock Pessimism Removal (CPR):    -0.000ns
  Clock Uncertainty:      0.154ns  ((TSJ^2 + TIJ^2)^1/2 + DJ) / 2 + PE
    Total System Jitter     (TSJ):    0.071ns
    Total Input Jitter      (TIJ):    0.300ns
    Discrete Jitter          (DJ):    0.000ns
    Phase Error              (PE):    0.000ns
  Timing Exception:       False Path

    Location             Delay type                Incr(ns)  Path(ns)    Netlist Resource(s)
  -------------------------------------------------------------------    -------------------
                         (clock clk_fpga_0 rise edge)
                                                      0.000     0.000 r  
    PS7_X0Y0             PS7                          0.000     0.000 r  design_1_i/processing_system7_0/inst/PS7_i/FCLKCLK[0]
                         net (fo=1, routed)           0.310     0.310    design_1_i/processing_system7_0/inst/FCLK_CLK_unbuffered[0]
    BUFGCTRL_X0Y16       BUFG (Prop_bufg_I_O)         0.026     0.336 r  design_1_i/processing_system7_0/inst/buffer_fclk_clk_0.FCLK_CLK_0_BUFG/O
                         net (fo=26834, routed)       0.690     1.026    design_1_i/smartconnect_0/inst/clk_map/psr_aclk/U0/aclk
    SLICE_X101Y143       FDRE                                         r  design_1_i/smartconnect_0/inst/clk_map/psr_aclk/U0/ACTIVE_LOW_BSR_OUT_DFF[0].FDRE_BSR_N/C
  -------------------------------------------------------------------    -------------------
    SLICE_X101Y143       FDRE (Prop_fdre_C_Q)         0.141     1.167 r  design_1_i/smartconnect_0/inst/clk_map/psr_aclk/U0/ACTIVE_LOW_BSR_OUT_DFF[0].FDRE_BSR_N/Q
                         net (fo=86, routed)          0.542     1.709    design_1_i/smartconnect_0/inst/m04_nodes/m04_b_node/inst/s_sc_xpm_cdc_async_rst_inst/src_arst
    SLICE_X106Y139       LUT1 (Prop_lut1_I0_O)        0.045     1.754 f  design_1_i/smartconnect_0/inst/m04_nodes/m04_b_node/inst/s_sc_xpm_cdc_async_rst_inst/arststages_ff[2]_i_1/O
                         net (fo=3, routed)           0.180     1.933    design_1_i/smartconnect_0/inst/m04_nodes/m04_b_node/inst/s_sc_xpm_cdc_async_rst_inst/reset_pol
    SLICE_X107Y139       FDCE                                         f  design_1_i/smartconnect_0/inst/m04_nodes/m04_b_node/inst/s_sc_xpm_cdc_async_rst_inst/arststages_ff_reg[0]/CLR
  -------------------------------------------------------------------    -------------------

                         (clock clk_fpga_0 rise edge)
                                                      0.000     0.000 r  
    PS7_X0Y0             PS7                          0.000     0.000 r  design_1_i/processing_system7_0/inst/PS7_i/FCLKCLK[0]
                         net (fo=1, routed)           0.337     0.337    design_1_i/processing_system7_0/inst/FCLK_CLK_unbuffered[0]
    BUFGCTRL_X0Y16       BUFG (Prop_bufg_I_O)         0.029     0.366 r  design_1_i/processing_system7_0/inst/buffer_fclk_clk_0.FCLK_CLK_0_BUFG/O
                         net (fo=26834, routed)       0.989     1.355    design_1_i/smartconnect_0/inst/m04_nodes/m04_b_node/inst/s_sc_xpm_cdc_async_rst_inst/dest_clk
    SLICE_X107Y139       FDCE                                         r  design_1_i/smartconnect_0/inst/m04_nodes/m04_b_node/inst/s_sc_xpm_cdc_async_rst_inst/arststages_ff_reg[0]/C

Slack:                    inf
  Source:                 design_1_i/smartconnect_0/inst/clk_map/psr_aclk/U0/ACTIVE_LOW_BSR_OUT_DFF[0].FDRE_BSR_N/C
                            (rising edge-triggered cell FDRE clocked by clk_fpga_0  {rise@0.000ns fall@5.000ns period=10.000ns})
  Destination:            design_1_i/smartconnect_0/inst/m04_nodes/m04_b_node/inst/s_sc_xpm_cdc_async_rst_inst/arststages_ff_reg[1]/CLR
                            (removal check against rising-edge clock clk_fpga_0  {rise@0.000ns fall@5.000ns period=10.000ns})
  Path Group:             (none)
  Path Type:              Removal (Min at Fast Process Corner)
  Data Path Delay:        0.907ns  (logic 0.186ns (20.500%)  route 0.721ns (79.500%))
  Logic Levels:           1  (LUT1=1)
  Clock Path Skew:        0.329ns (DCD - SCD - CPR)
    Destination Clock Delay (DCD):    1.355ns
    Source Clock Delay      (SCD):    1.026ns
    Clock Pessimism Removal (CPR):    -0.000ns
  Clock Uncertainty:      0.154ns  ((TSJ^2 + TIJ^2)^1/2 + DJ) / 2 + PE
    Total System Jitter     (TSJ):    0.071ns
    Total Input Jitter      (TIJ):    0.300ns
    Discrete Jitter          (DJ):    0.000ns
    Phase Error              (PE):    0.000ns
  Timing Exception:       False Path

    Location             Delay type                Incr(ns)  Path(ns)    Netlist Resource(s)
  -------------------------------------------------------------------    -------------------
                         (clock clk_fpga_0 rise edge)
                                                      0.000     0.000 r  
    PS7_X0Y0             PS7                          0.000     0.000 r  design_1_i/processing_system7_0/inst/PS7_i/FCLKCLK[0]
                         net (fo=1, routed)           0.310     0.310    design_1_i/processing_system7_0/inst/FCLK_CLK_unbuffered[0]
    BUFGCTRL_X0Y16       BUFG (Prop_bufg_I_O)         0.026     0.336 r  design_1_i/processing_system7_0/inst/buffer_fclk_clk_0.FCLK_CLK_0_BUFG/O
                         net (fo=26834, routed)       0.690     1.026    design_1_i/smartconnect_0/inst/clk_map/psr_aclk/U0/aclk
    SLICE_X101Y143       FDRE                                         r  design_1_i/smartconnect_0/inst/clk_map/psr_aclk/U0/ACTIVE_LOW_BSR_OUT_DFF[0].FDRE_BSR_N/C
  -------------------------------------------------------------------    -------------------
    SLICE_X101Y143       FDRE (Prop_fdre_C_Q)         0.141     1.167 r  design_1_i/smartconnect_0/inst/clk_map/psr_aclk/U0/ACTIVE_LOW_BSR_OUT_DFF[0].FDRE_BSR_N/Q
                         net (fo=86, routed)          0.542     1.709    design_1_i/smartconnect_0/inst/m04_nodes/m04_b_node/inst/s_sc_xpm_cdc_async_rst_inst/src_arst
    SLICE_X106Y139       LUT1 (Prop_lut1_I0_O)        0.045     1.754 f  design_1_i/smartconnect_0/inst/m04_nodes/m04_b_node/inst/s_sc_xpm_cdc_async_rst_inst/arststages_ff[2]_i_1/O
                         net (fo=3, routed)           0.180     1.933    design_1_i/smartconnect_0/inst/m04_nodes/m04_b_node/inst/s_sc_xpm_cdc_async_rst_inst/reset_pol
    SLICE_X107Y139       FDCE                                         f  design_1_i/smartconnect_0/inst/m04_nodes/m04_b_node/inst/s_sc_xpm_cdc_async_rst_inst/arststages_ff_reg[1]/CLR
  -------------------------------------------------------------------    -------------------

                         (clock clk_fpga_0 rise edge)
                                                      0.000     0.000 r  
    PS7_X0Y0             PS7                          0.000     0.000 r  design_1_i/processing_system7_0/inst/PS7_i/FCLKCLK[0]
                         net (fo=1, routed)           0.337     0.337    design_1_i/processing_system7_0/inst/FCLK_CLK_unbuffered[0]
    BUFGCTRL_X0Y16       BUFG (Prop_bufg_I_O)         0.029     0.366 r  design_1_i/processing_system7_0/inst/buffer_fclk_clk_0.FCLK_CLK_0_BUFG/O
                         net (fo=26834, routed)       0.989     1.355    design_1_i/smartconnect_0/inst/m04_nodes/m04_b_node/inst/s_sc_xpm_cdc_async_rst_inst/dest_clk
    SLICE_X107Y139       FDCE                                         r  design_1_i/smartconnect_0/inst/m04_nodes/m04_b_node/inst/s_sc_xpm_cdc_async_rst_inst/arststages_ff_reg[1]/C

Slack:                    inf
  Source:                 design_1_i/smartconnect_0/inst/clk_map/psr_aclk/U0/ACTIVE_LOW_BSR_OUT_DFF[0].FDRE_BSR_N/C
                            (rising edge-triggered cell FDRE clocked by clk_fpga_0  {rise@0.000ns fall@5.000ns period=10.000ns})
  Destination:            design_1_i/smartconnect_0/inst/m04_nodes/m04_b_node/inst/s_sc_xpm_cdc_async_rst_inst/arststages_ff_reg[2]/CLR
                            (removal check against rising-edge clock clk_fpga_0  {rise@0.000ns fall@5.000ns period=10.000ns})
  Path Group:             (none)
  Path Type:              Removal (Min at Fast Process Corner)
  Data Path Delay:        0.907ns  (logic 0.186ns (20.500%)  route 0.721ns (79.500%))
  Logic Levels:           1  (LUT1=1)
  Clock Path Skew:        0.329ns (DCD - SCD - CPR)
    Destination Clock Delay (DCD):    1.355ns
    Source Clock Delay      (SCD):    1.026ns
    Clock Pessimism Removal (CPR):    -0.000ns
  Clock Uncertainty:      0.154ns  ((TSJ^2 + TIJ^2)^1/2 + DJ) / 2 + PE
    Total System Jitter     (TSJ):    0.071ns
    Total Input Jitter      (TIJ):    0.300ns
    Discrete Jitter          (DJ):    0.000ns
    Phase Error              (PE):    0.000ns
  Timing Exception:       False Path

    Location             Delay type                Incr(ns)  Path(ns)    Netlist Resource(s)
  -------------------------------------------------------------------    -------------------
                         (clock clk_fpga_0 rise edge)
                                                      0.000     0.000 r  
    PS7_X0Y0             PS7                          0.000     0.000 r  design_1_i/processing_system7_0/inst/PS7_i/FCLKCLK[0]
                         net (fo=1, routed)           0.310     0.310    design_1_i/processing_system7_0/inst/FCLK_CLK_unbuffered[0]
    BUFGCTRL_X0Y16       BUFG (Prop_bufg_I_O)         0.026     0.336 r  design_1_i/processing_system7_0/inst/buffer_fclk_clk_0.FCLK_CLK_0_BUFG/O
                         net (fo=26834, routed)       0.690     1.026    design_1_i/smartconnect_0/inst/clk_map/psr_aclk/U0/aclk
    SLICE_X101Y143       FDRE                                         r  design_1_i/smartconnect_0/inst/clk_map/psr_aclk/U0/ACTIVE_LOW_BSR_OUT_DFF[0].FDRE_BSR_N/C
  -------------------------------------------------------------------    -------------------
    SLICE_X101Y143       FDRE (Prop_fdre_C_Q)         0.141     1.167 r  design_1_i/smartconnect_0/inst/clk_map/psr_aclk/U0/ACTIVE_LOW_BSR_OUT_DFF[0].FDRE_BSR_N/Q
                         net (fo=86, routed)          0.542     1.709    design_1_i/smartconnect_0/inst/m04_nodes/m04_b_node/inst/s_sc_xpm_cdc_async_rst_inst/src_arst
    SLICE_X106Y139       LUT1 (Prop_lut1_I0_O)        0.045     1.754 f  design_1_i/smartconnect_0/inst/m04_nodes/m04_b_node/inst/s_sc_xpm_cdc_async_rst_inst/arststages_ff[2]_i_1/O
                         net (fo=3, routed)           0.180     1.933    design_1_i/smartconnect_0/inst/m04_nodes/m04_b_node/inst/s_sc_xpm_cdc_async_rst_inst/reset_pol
    SLICE_X107Y139       FDCE                                         f  design_1_i/smartconnect_0/inst/m04_nodes/m04_b_node/inst/s_sc_xpm_cdc_async_rst_inst/arststages_ff_reg[2]/CLR
  -------------------------------------------------------------------    -------------------

                         (clock clk_fpga_0 rise edge)
                                                      0.000     0.000 r  
    PS7_X0Y0             PS7                          0.000     0.000 r  design_1_i/processing_system7_0/inst/PS7_i/FCLKCLK[0]
                         net (fo=1, routed)           0.337     0.337    design_1_i/processing_system7_0/inst/FCLK_CLK_unbuffered[0]
    BUFGCTRL_X0Y16       BUFG (Prop_bufg_I_O)         0.029     0.366 r  design_1_i/processing_system7_0/inst/buffer_fclk_clk_0.FCLK_CLK_0_BUFG/O
                         net (fo=26834, routed)       0.989     1.355    design_1_i/smartconnect_0/inst/m04_nodes/m04_b_node/inst/s_sc_xpm_cdc_async_rst_inst/dest_clk
    SLICE_X107Y139       FDCE                                         r  design_1_i/smartconnect_0/inst/m04_nodes/m04_b_node/inst/s_sc_xpm_cdc_async_rst_inst/arststages_ff_reg[2]/C

Slack:                    inf
  Source:                 design_1_i/smartconnect_0/inst/clk_map/psr_aclk/U0/ACTIVE_LOW_BSR_OUT_DFF[0].FDRE_BSR_N/C
                            (rising edge-triggered cell FDRE clocked by clk_fpga_0  {rise@0.000ns fall@5.000ns period=10.000ns})
  Destination:            design_1_i/smartconnect_0/inst/m07_nodes/m07_b_node/inst/s_sc_xpm_cdc_async_rst_inst/arststages_ff_reg[0]/CLR
                            (removal check against rising-edge clock clk_fpga_0  {rise@0.000ns fall@5.000ns period=10.000ns})
  Path Group:             (none)
  Path Type:              Removal (Min at Fast Process Corner)
  Data Path Delay:        0.981ns  (logic 0.186ns (18.960%)  route 0.795ns (81.040%))
  Logic Levels:           1  (LUT1=1)
  Clock Path Skew:        0.332ns (DCD - SCD - CPR)
    Destination Clock Delay (DCD):    1.358ns
    Source Clock Delay      (SCD):    1.026ns
    Clock Pessimism Removal (CPR):    -0.000ns
  Clock Uncertainty:      0.154ns  ((TSJ^2 + TIJ^2)^1/2 + DJ) / 2 + PE
    Total System Jitter     (TSJ):    0.071ns
    Total Input Jitter      (TIJ):    0.300ns
    Discrete Jitter          (DJ):    0.000ns
    Phase Error              (PE):    0.000ns
  Timing Exception:       False Path

    Location             Delay type                Incr(ns)  Path(ns)    Netlist Resource(s)
  -------------------------------------------------------------------    -------------------
                         (clock clk_fpga_0 rise edge)
                                                      0.000     0.000 r  
    PS7_X0Y0             PS7                          0.000     0.000 r  design_1_i/processing_system7_0/inst/PS7_i/FCLKCLK[0]
                         net (fo=1, routed)           0.310     0.310    design_1_i/processing_system7_0/inst/FCLK_CLK_unbuffered[0]
    BUFGCTRL_X0Y16       BUFG (Prop_bufg_I_O)         0.026     0.336 r  design_1_i/processing_system7_0/inst/buffer_fclk_clk_0.FCLK_CLK_0_BUFG/O
                         net (fo=26834, routed)       0.690     1.026    design_1_i/smartconnect_0/inst/clk_map/psr_aclk/U0/aclk
    SLICE_X101Y143       FDRE                                         r  design_1_i/smartconnect_0/inst/clk_map/psr_aclk/U0/ACTIVE_LOW_BSR_OUT_DFF[0].FDRE_BSR_N/C
  -------------------------------------------------------------------    -------------------
    SLICE_X101Y143       FDRE (Prop_fdre_C_Q)         0.141     1.167 r  design_1_i/smartconnect_0/inst/clk_map/psr_aclk/U0/ACTIVE_LOW_BSR_OUT_DFF[0].FDRE_BSR_N/Q
                         net (fo=86, routed)          0.611     1.778    design_1_i/smartconnect_0/inst/m07_nodes/m07_b_node/inst/s_sc_xpm_cdc_async_rst_inst/src_arst
    SLICE_X110Y139       LUT1 (Prop_lut1_I0_O)        0.045     1.823 f  design_1_i/smartconnect_0/inst/m07_nodes/m07_b_node/inst/s_sc_xpm_cdc_async_rst_inst/arststages_ff[2]_i_1/O
                         net (fo=3, routed)           0.184     2.007    design_1_i/smartconnect_0/inst/m07_nodes/m07_b_node/inst/s_sc_xpm_cdc_async_rst_inst/reset_pol
    SLICE_X110Y139       FDCE                                         f  design_1_i/smartconnect_0/inst/m07_nodes/m07_b_node/inst/s_sc_xpm_cdc_async_rst_inst/arststages_ff_reg[0]/CLR
  -------------------------------------------------------------------    -------------------

                         (clock clk_fpga_0 rise edge)
                                                      0.000     0.000 r  
    PS7_X0Y0             PS7                          0.000     0.000 r  design_1_i/processing_system7_0/inst/PS7_i/FCLKCLK[0]
                         net (fo=1, routed)           0.337     0.337    design_1_i/processing_system7_0/inst/FCLK_CLK_unbuffered[0]
    BUFGCTRL_X0Y16       BUFG (Prop_bufg_I_O)         0.029     0.366 r  design_1_i/processing_system7_0/inst/buffer_fclk_clk_0.FCLK_CLK_0_BUFG/O
                         net (fo=26834, routed)       0.992     1.358    design_1_i/smartconnect_0/inst/m07_nodes/m07_b_node/inst/s_sc_xpm_cdc_async_rst_inst/dest_clk
    SLICE_X110Y139       FDCE                                         r  design_1_i/smartconnect_0/inst/m07_nodes/m07_b_node/inst/s_sc_xpm_cdc_async_rst_inst/arststages_ff_reg[0]/C

Slack:                    inf
  Source:                 design_1_i/smartconnect_0/inst/clk_map/psr_aclk/U0/ACTIVE_LOW_BSR_OUT_DFF[0].FDRE_BSR_N/C
                            (rising edge-triggered cell FDRE clocked by clk_fpga_0  {rise@0.000ns fall@5.000ns period=10.000ns})
  Destination:            design_1_i/smartconnect_0/inst/m07_nodes/m07_b_node/inst/s_sc_xpm_cdc_async_rst_inst/arststages_ff_reg[1]/CLR
                            (removal check against rising-edge clock clk_fpga_0  {rise@0.000ns fall@5.000ns period=10.000ns})
  Path Group:             (none)
  Path Type:              Removal (Min at Fast Process Corner)
  Data Path Delay:        0.981ns  (logic 0.186ns (18.960%)  route 0.795ns (81.040%))
  Logic Levels:           1  (LUT1=1)
  Clock Path Skew:        0.332ns (DCD - SCD - CPR)
    Destination Clock Delay (DCD):    1.358ns
    Source Clock Delay      (SCD):    1.026ns
    Clock Pessimism Removal (CPR):    -0.000ns
  Clock Uncertainty:      0.154ns  ((TSJ^2 + TIJ^2)^1/2 + DJ) / 2 + PE
    Total System Jitter     (TSJ):    0.071ns
    Total Input Jitter      (TIJ):    0.300ns
    Discrete Jitter          (DJ):    0.000ns
    Phase Error              (PE):    0.000ns
  Timing Exception:       False Path

    Location             Delay type                Incr(ns)  Path(ns)    Netlist Resource(s)
  -------------------------------------------------------------------    -------------------
                         (clock clk_fpga_0 rise edge)
                                                      0.000     0.000 r  
    PS7_X0Y0             PS7                          0.000     0.000 r  design_1_i/processing_system7_0/inst/PS7_i/FCLKCLK[0]
                         net (fo=1, routed)           0.310     0.310    design_1_i/processing_system7_0/inst/FCLK_CLK_unbuffered[0]
    BUFGCTRL_X0Y16       BUFG (Prop_bufg_I_O)         0.026     0.336 r  design_1_i/processing_system7_0/inst/buffer_fclk_clk_0.FCLK_CLK_0_BUFG/O
                         net (fo=26834, routed)       0.690     1.026    design_1_i/smartconnect_0/inst/clk_map/psr_aclk/U0/aclk
    SLICE_X101Y143       FDRE                                         r  design_1_i/smartconnect_0/inst/clk_map/psr_aclk/U0/ACTIVE_LOW_BSR_OUT_DFF[0].FDRE_BSR_N/C
  -------------------------------------------------------------------    -------------------
    SLICE_X101Y143       FDRE (Prop_fdre_C_Q)         0.141     1.167 r  design_1_i/smartconnect_0/inst/clk_map/psr_aclk/U0/ACTIVE_LOW_BSR_OUT_DFF[0].FDRE_BSR_N/Q
                         net (fo=86, routed)          0.611     1.778    design_1_i/smartconnect_0/inst/m07_nodes/m07_b_node/inst/s_sc_xpm_cdc_async_rst_inst/src_arst
    SLICE_X110Y139       LUT1 (Prop_lut1_I0_O)        0.045     1.823 f  design_1_i/smartconnect_0/inst/m07_nodes/m07_b_node/inst/s_sc_xpm_cdc_async_rst_inst/arststages_ff[2]_i_1/O
                         net (fo=3, routed)           0.184     2.007    design_1_i/smartconnect_0/inst/m07_nodes/m07_b_node/inst/s_sc_xpm_cdc_async_rst_inst/reset_pol
    SLICE_X110Y139       FDCE                                         f  design_1_i/smartconnect_0/inst/m07_nodes/m07_b_node/inst/s_sc_xpm_cdc_async_rst_inst/arststages_ff_reg[1]/CLR
  -------------------------------------------------------------------    -------------------

                         (clock clk_fpga_0 rise edge)
                                                      0.000     0.000 r  
    PS7_X0Y0             PS7                          0.000     0.000 r  design_1_i/processing_system7_0/inst/PS7_i/FCLKCLK[0]
                         net (fo=1, routed)           0.337     0.337    design_1_i/processing_system7_0/inst/FCLK_CLK_unbuffered[0]
    BUFGCTRL_X0Y16       BUFG (Prop_bufg_I_O)         0.029     0.366 r  design_1_i/processing_system7_0/inst/buffer_fclk_clk_0.FCLK_CLK_0_BUFG/O
                         net (fo=26834, routed)       0.992     1.358    design_1_i/smartconnect_0/inst/m07_nodes/m07_b_node/inst/s_sc_xpm_cdc_async_rst_inst/dest_clk
    SLICE_X110Y139       FDCE                                         r  design_1_i/smartconnect_0/inst/m07_nodes/m07_b_node/inst/s_sc_xpm_cdc_async_rst_inst/arststages_ff_reg[1]/C

Slack:                    inf
  Source:                 design_1_i/smartconnect_0/inst/clk_map/psr_aclk/U0/ACTIVE_LOW_BSR_OUT_DFF[0].FDRE_BSR_N/C
                            (rising edge-triggered cell FDRE clocked by clk_fpga_0  {rise@0.000ns fall@5.000ns period=10.000ns})
  Destination:            design_1_i/smartconnect_0/inst/m07_nodes/m07_b_node/inst/s_sc_xpm_cdc_async_rst_inst/arststages_ff_reg[2]/CLR
                            (removal check against rising-edge clock clk_fpga_0  {rise@0.000ns fall@5.000ns period=10.000ns})
  Path Group:             (none)
  Path Type:              Removal (Min at Fast Process Corner)
  Data Path Delay:        0.981ns  (logic 0.186ns (18.960%)  route 0.795ns (81.040%))
  Logic Levels:           1  (LUT1=1)
  Clock Path Skew:        0.332ns (DCD - SCD - CPR)
    Destination Clock Delay (DCD):    1.358ns
    Source Clock Delay      (SCD):    1.026ns
    Clock Pessimism Removal (CPR):    -0.000ns
  Clock Uncertainty:      0.154ns  ((TSJ^2 + TIJ^2)^1/2 + DJ) / 2 + PE
    Total System Jitter     (TSJ):    0.071ns
    Total Input Jitter      (TIJ):    0.300ns
    Discrete Jitter          (DJ):    0.000ns
    Phase Error              (PE):    0.000ns
  Timing Exception:       False Path

    Location             Delay type                Incr(ns)  Path(ns)    Netlist Resource(s)
  -------------------------------------------------------------------    -------------------
                         (clock clk_fpga_0 rise edge)
                                                      0.000     0.000 r  
    PS7_X0Y0             PS7                          0.000     0.000 r  design_1_i/processing_system7_0/inst/PS7_i/FCLKCLK[0]
                         net (fo=1, routed)           0.310     0.310    design_1_i/processing_system7_0/inst/FCLK_CLK_unbuffered[0]
    BUFGCTRL_X0Y16       BUFG (Prop_bufg_I_O)         0.026     0.336 r  design_1_i/processing_system7_0/inst/buffer_fclk_clk_0.FCLK_CLK_0_BUFG/O
                         net (fo=26834, routed)       0.690     1.026    design_1_i/smartconnect_0/inst/clk_map/psr_aclk/U0/aclk
    SLICE_X101Y143       FDRE                                         r  design_1_i/smartconnect_0/inst/clk_map/psr_aclk/U0/ACTIVE_LOW_BSR_OUT_DFF[0].FDRE_BSR_N/C
  -------------------------------------------------------------------    -------------------
    SLICE_X101Y143       FDRE (Prop_fdre_C_Q)         0.141     1.167 r  design_1_i/smartconnect_0/inst/clk_map/psr_aclk/U0/ACTIVE_LOW_BSR_OUT_DFF[0].FDRE_BSR_N/Q
                         net (fo=86, routed)          0.611     1.778    design_1_i/smartconnect_0/inst/m07_nodes/m07_b_node/inst/s_sc_xpm_cdc_async_rst_inst/src_arst
    SLICE_X110Y139       LUT1 (Prop_lut1_I0_O)        0.045     1.823 f  design_1_i/smartconnect_0/inst/m07_nodes/m07_b_node/inst/s_sc_xpm_cdc_async_rst_inst/arststages_ff[2]_i_1/O
                         net (fo=3, routed)           0.184     2.007    design_1_i/smartconnect_0/inst/m07_nodes/m07_b_node/inst/s_sc_xpm_cdc_async_rst_inst/reset_pol
    SLICE_X110Y139       FDCE                                         f  design_1_i/smartconnect_0/inst/m07_nodes/m07_b_node/inst/s_sc_xpm_cdc_async_rst_inst/arststages_ff_reg[2]/CLR
  -------------------------------------------------------------------    -------------------

                         (clock clk_fpga_0 rise edge)
                                                      0.000     0.000 r  
    PS7_X0Y0             PS7                          0.000     0.000 r  design_1_i/processing_system7_0/inst/PS7_i/FCLKCLK[0]
                         net (fo=1, routed)           0.337     0.337    design_1_i/processing_system7_0/inst/FCLK_CLK_unbuffered[0]
    BUFGCTRL_X0Y16       BUFG (Prop_bufg_I_O)         0.029     0.366 r  design_1_i/processing_system7_0/inst/buffer_fclk_clk_0.FCLK_CLK_0_BUFG/O
                         net (fo=26834, routed)       0.992     1.358    design_1_i/smartconnect_0/inst/m07_nodes/m07_b_node/inst/s_sc_xpm_cdc_async_rst_inst/dest_clk
    SLICE_X110Y139       FDCE                                         r  design_1_i/smartconnect_0/inst/m07_nodes/m07_b_node/inst/s_sc_xpm_cdc_async_rst_inst/arststages_ff_reg[2]/C

Slack:                    inf
  Source:                 design_1_i/smartconnect_0/inst/clk_map/psr_aclk/U0/ACTIVE_LOW_BSR_OUT_DFF[0].FDRE_BSR_N/C
                            (rising edge-triggered cell FDRE clocked by clk_fpga_0  {rise@0.000ns fall@5.000ns period=10.000ns})
  Destination:            design_1_i/smartconnect_0/inst/m04_exit_pipeline/m04_exit/inst/xpm_cdc_async_rst_inst/arststages_ff_reg[0]/CLR
                            (removal check against rising-edge clock clk_fpga_0  {rise@0.000ns fall@5.000ns period=10.000ns})
  Path Group:             (none)
  Path Type:              Removal (Min at Fast Process Corner)
  Data Path Delay:        1.030ns  (logic 0.186ns (18.063%)  route 0.844ns (81.937%))
  Logic Levels:           1  (LUT1=1)
  Clock Path Skew:        0.300ns (DCD - SCD - CPR)
    Destination Clock Delay (DCD):    1.326ns
    Source Clock Delay      (SCD):    1.026ns
    Clock Pessimism Removal (CPR):    -0.000ns
  Clock Uncertainty:      0.154ns  ((TSJ^2 + TIJ^2)^1/2 + DJ) / 2 + PE
    Total System Jitter     (TSJ):    0.071ns
    Total Input Jitter      (TIJ):    0.300ns
    Discrete Jitter          (DJ):    0.000ns
    Phase Error              (PE):    0.000ns
  Timing Exception:       False Path

    Location             Delay type                Incr(ns)  Path(ns)    Netlist Resource(s)
  -------------------------------------------------------------------    -------------------
                         (clock clk_fpga_0 rise edge)
                                                      0.000     0.000 r  
    PS7_X0Y0             PS7                          0.000     0.000 r  design_1_i/processing_system7_0/inst/PS7_i/FCLKCLK[0]
                         net (fo=1, routed)           0.310     0.310    design_1_i/processing_system7_0/inst/FCLK_CLK_unbuffered[0]
    BUFGCTRL_X0Y16       BUFG (Prop_bufg_I_O)         0.026     0.336 r  design_1_i/processing_system7_0/inst/buffer_fclk_clk_0.FCLK_CLK_0_BUFG/O
                         net (fo=26834, routed)       0.690     1.026    design_1_i/smartconnect_0/inst/clk_map/psr_aclk/U0/aclk
    SLICE_X101Y143       FDRE                                         r  design_1_i/smartconnect_0/inst/clk_map/psr_aclk/U0/ACTIVE_LOW_BSR_OUT_DFF[0].FDRE_BSR_N/C
  -------------------------------------------------------------------    -------------------
    SLICE_X101Y143       FDRE (Prop_fdre_C_Q)         0.141     1.167 r  design_1_i/smartconnect_0/inst/clk_map/psr_aclk/U0/ACTIVE_LOW_BSR_OUT_DFF[0].FDRE_BSR_N/Q
                         net (fo=86, routed)          0.669     1.836    design_1_i/smartconnect_0/inst/m04_exit_pipeline/m04_exit/inst/xpm_cdc_async_rst_inst/src_arst
    SLICE_X90Y140        LUT1 (Prop_lut1_I0_O)        0.045     1.881 f  design_1_i/smartconnect_0/inst/m04_exit_pipeline/m04_exit/inst/xpm_cdc_async_rst_inst/arststages_ff[2]_i_1/O
                         net (fo=3, routed)           0.174     2.056    design_1_i/smartconnect_0/inst/m04_exit_pipeline/m04_exit/inst/xpm_cdc_async_rst_inst/reset_pol
    SLICE_X90Y139        FDCE                                         f  design_1_i/smartconnect_0/inst/m04_exit_pipeline/m04_exit/inst/xpm_cdc_async_rst_inst/arststages_ff_reg[0]/CLR
  -------------------------------------------------------------------    -------------------

                         (clock clk_fpga_0 rise edge)
                                                      0.000     0.000 r  
    PS7_X0Y0             PS7                          0.000     0.000 r  design_1_i/processing_system7_0/inst/PS7_i/FCLKCLK[0]
                         net (fo=1, routed)           0.337     0.337    design_1_i/processing_system7_0/inst/FCLK_CLK_unbuffered[0]
    BUFGCTRL_X0Y16       BUFG (Prop_bufg_I_O)         0.029     0.366 r  design_1_i/processing_system7_0/inst/buffer_fclk_clk_0.FCLK_CLK_0_BUFG/O
                         net (fo=26834, routed)       0.960     1.326    design_1_i/smartconnect_0/inst/m04_exit_pipeline/m04_exit/inst/xpm_cdc_async_rst_inst/dest_clk
    SLICE_X90Y139        FDCE                                         r  design_1_i/smartconnect_0/inst/m04_exit_pipeline/m04_exit/inst/xpm_cdc_async_rst_inst/arststages_ff_reg[0]/C





